id,name,role,stake,sent_bodies_messages,sent_bodies_bytes,sent_announcements_messages,sent_announcements_bytes,sent_requests_messages,sent_requests_bytes,sent_bytes,sent_mean_mbit_s,sent_peak_1s_mbit_s,sent_peak_window_start_s,received_bodies_messages,received_bodies_bytes,received_announcements_messages,received_announcements_bytes,received_requests_messages,received_requests_bytes,received_bytes,received_mean_mbit_s,received_peak_1s_mbit_s,received_peak_window_start_s
0,node-0,BP,63860774,8948,841112,0,0,0,0,841112,0.01682224,0.333136,67,17195,1616330,0,0,0,0,1616330,0.032326600000000004,0.641456,67
1,node-1,BP,63673213,8948,841112,0,0,0,0,841112,0.01682224,0.333136,67,17324,1628456,0,0,0,0,1628456,0.03256912,0.645216,67
2,node-10,relay,0,240548,22611512,0,0,0,0,22611512,0.45223024,8.957824,67,307203,28877082,0,0,0,0,28877082,0.5775416400000001,11.418368,67
3,node-100,BP,74130184,8948,841112,0,0,0,0,841112,0.01682224,0.333136,67,17063,1603922,0,0,0,0,1603922,0.03207844,0.63168,67
4,node-1000,BP,71180282,8948,841112,0,0,0,0,841112,0.01682224,0.333136,67,17812,1674328,0,0,0,0,1674328,0.03348656,0.663264,67
5,node-1001,BP,71163378,8948,841112,0,0,0,0,841112,0.01682224,0.333136,67,16081,1511614,0,0,0,0,1511614,0.03023228,0.597088,67
6,node-1002,BP,72695798,8948,841112,0,0,0,0,841112,0.01682224,0.333136,67,16452,1546488,0,0,0,0,1546488,0.03092976,0.613632,67
7,node-1003,relay,0,276676,26007544,0,0,0,0,26007544,0.52015088,10.301648,67,325156,30564664,0,0,0,0,30564664,0.61129328,12.106448,67
8,node-1004,relay,0,294157,27650758,0,0,0,0,27650758,0.55301516,10.95288,67,316237,29726278,0,0,0,0,29726278,0.59452556,11.779328,67
9,node-1005,relay,0,303316,28511704,0,0,0,0,28511704,0.5702340800000001,11.293536,67,404879,38058626,0,0,0,0,38058626,0.7611725199999999,15.07384,67
10,node-1006,relay,0,258065,24258110,0,0,0,0,24258110,0.4851622,9.609808,67,352675,33151450,0,0,0,0,33151450,0.663029,13.132928,67
11,node-1007,relay,0,274085,25763990,0,0,0,0,25763990,0.5152798,10.198624,67,297166,27933604,0,0,0,0,27933604,0.55867208,11.064928,67
12,node-1008,relay,0,267789,25172166,0,0,0,0,25172166,0.50344332,9.970768,67,315503,29657282,0,0,0,0,29657282,0.5931456399999999,11.747744,67
13,node-1009,relay,0,346268,32549192,0,0,0,0,32549192,0.65098384,12.891536,67,289395,27203130,0,0,0,0,27203130,0.5440626000000001,10.773904,67
14,node-101,BP,74078634,8948,841112,0,0,0,0,841112,0.01682224,0.333136,67,17014,1599316,0,0,0,0,1599316,0.03198632,0.630176,67
15,node-1010,relay,0,311066,29240204,0,0,0,0,29240204,0.58480408,11.583056,67,334511,31444034,0,0,0,0,31444034,0.62888068,12.454624,67
16,node-1011,relay,0,363851,34201994,0,0,0,0,34201994,0.6840398799999999,13.548032,67,353107,33192058,0,0,0,0,33192058,0.66384116,13.142704,67
17,node-1012,relay,0,337001,31678094,0,0,0,0,31678094,0.63356188,12.541856,67,370886,34863284,0,0,0,0,34863284,0.69726568,13.811232,67
18,node-1013,relay,0,272753,25638782,0,0,0,0,25638782,0.51277564,10.149744,67,334495,31442530,0,0,0,0,31442530,0.6288506,12.450864,67
19,node-1014,relay,0,292770,27520380,0,0,0,0,27520380,0.5504076,10.902496,67,346269,32549286,0,0,0,0,32549286,0.65098572,12.878752,67
20,node-1015,relay,0,292213,27468022,0,0,0,0,27468022,0.5493604400000001,10.878432,67,343203,32261082,0,0,0,0,32261082,0.64522164,12.778736,67
21,node-1016,relay,0,320618,30138092,0,0,0,0,30138092,0.60276184,11.939504,67,299665,28168510,0,0,0,0,28168510,0.5633702,11.15968,67
22,node-1017,relay,0,285295,26817730,0,0,0,0,26817730,0.5363546,10.623504,67,276737,26013278,0,0,0,0,26013278,0.52026556,10.303904,67
23,node-1018,relay,0,232102,21817588,0,0,0,0,21817588,0.43635176000000003,8.641984,67,285664,26852416,0,0,0,0,26852416,0.53704832,10.636288,67
24,node-1019,BP,78570315,8929,839326,0,0,0,0,839326,0.01678652,0.333136,67,16677,1567638,0,0,0,0,1567638,0.03135276,0.622656,67
25,node-102,BP,74075200,8948,841112,0,0,0,0,841112,0.01682224,0.333136,67,16873,1586062,0,0,0,0,1586062,0.031721240000000005,0.627168,67
26,node-1020,relay,0,321329,30204926,0,0,0,0,30204926,0.60409852,11.963568,67,289381,27201814,0,0,0,0,27201814,0.5440362799999999,10.776912,67
27,node-1021,relay,0,239121,22477374,0,0,0,0,22477374,0.44954748,8.904432,67,389067,36572298,0,0,0,0,36572298,0.7314459600000001,14.480512,67
28,node-1022,relay,0,303226,28503244,0,0,0,0,28503244,0.57006488,11.290528,67,348153,32726382,0,0,0,0,32726382,0.65452764,12.868224,67
29,node-1023,relay,0,241009,22654846,0,0,0,0,22654846,0.45309691999999996,8.973616,67,285664,26852416,0,0,0,0,26852416,0.53704832,10.634032,67
30,node-1024,BP,70537782,8947,841018,0,0,0,0,841018,0.01682036,0.333136,67,16820,1581080,0,0,0,0,1581080,0.0316216,0.62792,71
31,node-1025,BP,70414401,8947,841018,0,0,0,0,841018,0.01682036,0.333136,67,17172,1614168,0,0,0,0,1614168,0.032283360000000004,0.6392,71
32,node-1026,BP,70294886,8946,840924,0,0,0,0,840924,0.01681848,0.333136,67,16908,1589352,0,0,0,0,1589352,0.03178704,0.626416,67
33,node-1027,BP,70035933,8947,841018,0,0,0,0,841018,0.01682036,0.333136,67,17208,1617552,0,0,0,0,1617552,0.032351040000000005,0.641456,67
34,node-1028,BP,72430004,8948,841112,0,0,0,0,841112,0.01682224,0.333136,67,17311,1627234,0,0,0,0,1627234,0.03254468,0.644464,71
35,node-1029,BP,72395184,8948,841112,0,0,0,0,841112,0.01682224,0.333136,67,15872,1491968,0,0,0,0,1491968,0.02983936,0.59032,67
36,node-103,BP,73951776,8948,841112,0,0,0,0,841112,0.01682224,0.333136,67,17106,1607964,0,0,0,0,1607964,0.03215928,0.634688,67
37,node-1030,BP,72390813,8947,841018,0,0,0,0,841018,0.01682036,0.333136,67,17270,1623380,0,0,0,0,1623380,0.0324676,0.64296,67
38,node-1031,BP,72365879,8947,841018,0,0,0,0,841018,0.01682036,0.333136,67,17418,1637292,0,0,0,0,1637292,0.03274584,0.647472,67
39,node-1032,relay,0,285644,26850536,0,0,0,0,26850536,0.53701072,10.635536,67,298883,28095002,0,0,0,0,28095002,0.56190004,11.13336,67
40,node-1033,relay,0,267790,25172260,0,0,0,0,25172260,0.5034452,9.970768,67,299222,28126868,0,0,0,0,28126868,0.56253736,11.138624,67
41,node-1034,relay,0,357009,33558846,0,0,0,0,33558846,0.6711769200000001,13.293104,67,262550,24679700,0,0,0,0,24679700,0.49359400000000003,9.755696,67
42,node-1035,relay,0,258776,24324944,0,0,0,0,24324944,0.48649887999999997,9.635376,67,326440,30685360,0,0,0,0,30685360,0.6137072,12.161344,67
43,node-1036,relay,0,241008,22654752,0,0,0,0,22654752,0.45309503999999995,8.973616,67,291036,27357384,0,0,0,0,27357384,0.54714768,10.843088,67
44,node-1037,relay,0,294570,27689580,0,0,0,0,27689580,0.5537915999999999,10.96792,67,315506,29657564,0,0,0,0,29657564,0.5931512800000001,11.752256,67
45,node-1038,relay,0,266869,25085686,0,0,0,0,25085686,0.50171372,9.936928,67,317956,29887864,0,0,0,0,29887864,0.5977572800000001,11.849264,67
46,node-1039,relay,0,249255,23429970,0,0,0,0,23429970,0.4685994,9.282688,67,308493,28998342,0,0,0,0,28998342,0.57996684,11.486048,67
47,node-104,relay,0,276716,26011304,0,0,0,0,26011304,0.52022608,10.303152,67,370307,34808858,0,0,0,0,34808858,0.69617716,13.7804,67
48,node-1040,relay,0,248417,23351198,0,0,0,0,23351198,0.46702396,9.250352,67,331926,31201044,0,0,0,0,31201044,0.62402088,12.353856,67
49,node-1041,relay,0,256650,24125100,0,0,0,0,24125100,0.482502,9.555664,67,289140,27179160,0,0,0,0,27179160,0.5435832,10.765632,67
50,node-1042,relay,0,264224,24837056,0,0,0,0,24837056,0.49674112000000004,9.830896,67,335483,31535402,0,0,0,0,31535402,0.63070804,12.503504,67
51,node-1043,relay,0,276026,25946444,0,0,0,0,25946444,0.51892888,10.278336,67,351953,33083582,0,0,0,0,33083582,0.66167164,13.097584,67
52,node-1044,relay,0,267165,25113510,0,0,0,0,25113510,0.5022702,9.946704,67,333770,31374380,0,0,0,0,31374380,0.6274875999999999,12.420784,67
53,node-1045,relay,0,256861,24144934,0,0,0,0,24144934,0.48289867999999997,9.563184,67,327132,30750408,0,0,0,0,30750408,0.61500816,12.175632,67
54,node-1046,relay,0,276091,25952554,0,0,0,0,25952554,0.51905108,10.27984,67,324721,30523774,0,0,0,0,30523774,0.61047548,12.079376,67
55,node-1047,relay,0,302976,28479744,0,0,0,0,28479744,0.56959488,11.28,67,396620,37282280,0,0,0,0,37282280,0.7456456,14.767776,67
56,node-1048,relay,0,276450,25986300,0,0,0,0,25986300,0.519726,10.291872,67,303518,28530692,0,0,0,0,28530692,0.5706138399999999,11.301056,67
57,node-1049,relay,0,241029,22656726,0,0,0,0,22656726,0.45313452,8.974368,67,312445,29369830,0,0,0,0,29369830,0.5873966,11.631184,67
58,node-105,relay,0,365325,34340550,0,0,0,0,34340550,0.6868110000000001,13.602928,67,316018,29705692,0,0,0,0,29705692,0.59411384,11.762032,67
59,node-1050,BP,63349345,8947,841018,0,0,0,0,841018,0.01682036,0.333136,67,17501,1645094,0,0,0,0,1645094,0.03290188,0.65048,67
60,node-1051,BP,63198988,8931,839514,0,0,0,0,839514,0.01679028,0.333136,67,17388,1634472,0,0,0,0,1634472,0.03268944,0.64672,67
61,node-1052,relay,0,284806,26771764,0,0,0,0,26771764,0.5354352800000001,10.605456,67,272873,25650062,0,0,0,0,25650062,0.5130012399999999,10.160272,67
62,node-1053,relay,0,285032,26793008,0,0,0,0,26793008,0.53586016,10.612976,67,380167,35735698,0,0,0,0,35735698,0.71471396,14.14888,67
63,node-1054,relay,0,285291,26817354,0,0,0,0,26817354,0.5363470800000001,10.621248,67,343030,32244820,0,0,0,0,32244820,0.6448963999999999,12.767456,67
64,node-1055,relay,0,240545,22611230,0,0,0,0,22611230,0.4522246,8.95632,67,333977,31393838,0,0,0,0,31393838,0.6278767599999999,12.432064,67
65,node-1056,BP,70253226,8947,841018,0,0,0,0,841018,0.01682036,0.333136,67,16167,1519698,0,0,0,0,1519698,0.03039396,0.603104,67
66,node-1057,relay,0,284063,26701922,0,0,0,0,26701922,0.53403844,10.577632,67,296592,27879648,0,0,0,0,27879648,0.55759296,11.053648,67
67,node-1058,relay,0,284352,26729088,0,0,0,0,26729088,0.53458176,10.588912,67,300106,28209964,0,0,0,0,28209964,0.56419928,11.166448,67
68,node-1059,BP,70093092,8947,841018,0,0,0,0,841018,0.01682036,0.333136,67,16404,1541976,0,0,0,0,1541976,0.03083952,0.608368,67
69,node-106,relay,0,329341,30958054,0,0,0,0,30958054,0.61916108,12.262864,67,299000,28106000,0,0,0,0,28106000,0.5621200000000001,11.147648,67
70,node-1060,BP,70025873,8948,841112,0,0,0,0,841112,0.01682224,0.333136,67,16399,1541506,0,0,0,0,1541506,0.030830120000000003,0.611376,67
71,node-1061,BP,70021293,8948,841112,0,0,0,0,841112,0.01682224,0.333136,67,16400,1541600,0,0,0,0,1541600,0.030832000000000002,0.612128,67
72,node-1062,BP,70020865,8948,841112,0,0,0,0,841112,0.01682224,0.333136,67,16609,1561246,0,0,0,0,1561246,0.03122492,0.625664,67
73,node-1063,BP,69278529,8948,841112,0,0,0,0,841112,0.01682224,0.333136,67,16767,1576098,0,0,0,0,1576098,0.03152196,0.626416,67
74,node-1064,BP,70075919,8948,841112,0,0,0,0,841112,0.01682224,0.333136,67,16244,1526936,0,0,0,0,1526936,0.030538720000000002,0.61288,67
75,node-1065,relay,0,285474,26834556,0,0,0,0,26834556,0.53669112,10.62952,67,387478,36422932,0,0,0,0,36422932,0.72845864,14.428624,67
76,node-1066,relay,0,240523,22609162,0,0,0,0,22609162,0.45218324000000004,8.95632,67,370599,34836306,0,0,0,0,34836306,0.69672612,13.7992,67
77,node-1067,relay,0,285156,26804664,0,0,0,0,26804664,0.53609328,10.615984,67,289291,27193354,0,0,0,0,27193354,0.54386708,10.775408,67
78,node-1068,relay,0,267063,25103922,0,0,0,0,25103922,0.50207844,9.94896,67,289331,27197114,0,0,0,0,27197114,0.54394228,10.762624,67
79,node-1069,relay,0,285148,26803912,0,0,0,0,26803912,0.53607824,10.618992,67,343675,32305450,0,0,0,0,32305450,0.646109,12.785504,67
80,node-107,relay,0,276298,25972012,0,0,0,0,25972012,0.51944024,10.288112,67,388281,36498414,0,0,0,0,36498414,0.7299682799999999,14.451184,67
81,node-1070,relay,0,276675,26007450,0,0,0,0,26007450,0.520149,10.301648,67,378015,35533410,0,0,0,0,35533410,0.7106682000000001,14.075936,67
82,node-1071,relay,0,327666,30800604,0,0,0,0,30800604,0.61601208,12.196688,67,352667,33150698,0,0,0,0,33150698,0.66301396,13.12616,67
83,node-1072,relay,0,221744,20843936,0,0,0,0,20843936,0.41687872,8.25696,67,289722,27233868,0,0,0,0,27233868,0.54467736,10.786688,67
84,node-1073,relay,0,302547,28439418,0,0,0,0,28439418,0.56878836,11.267216,67,388768,36544192,0,0,0,0,36544192,0.7308838400000001,14.471488,67
85,node-1074,relay,0,267291,25125354,0,0,0,0,25125354,0.50250708,9.954224,67,317644,29858536,0,0,0,0,29858536,0.59717072,11.837232,67
86,node-1075,relay,0,267224,25119056,0,0,0,0,25119056,0.50238112,9.949712,67,245462,23073428,0,0,0,0,23073428,0.46146855999999997,9.150336,67
87,node-1076,relay,0,381606,35870964,0,0,0,0,35870964,0.71741928,14.218064,67,282059,26513546,0,0,0,0,26513546,0.53027092,10.50168,67
88,node-1077,BP,26929069,8946,840924,0,0,0,0,840924,0.01681848,0.333136,67,17119,1609186,0,0,0,0,1609186,0.03218372,0.636944,71
89,node-1078,relay,0,240807,22635858,0,0,0,0,22635858,0.45271715999999995,8.966096,67,352817,33164798,0,0,0,0,33164798,0.6632959599999999,13.114128,67
90,node-1079,relay,0,302797,28462918,0,0,0,0,28462918,0.56925836,11.270976,67,343413,32280822,0,0,0,0,32280822,0.64561644,12.792272,67
91,node-108,relay,0,303497,28528718,0,0,0,0,28528718,0.5705743600000001,11.300304,67,379088,35634272,0,0,0,0,35634272,0.71268544,14.103008,67
92,node-1080,BP,73874155,8948,841112,0,0,0,0,841112,0.01682224,0.333136,67,17237,1620278,0,0,0,0,1620278,0.03240556,0.643712,71
93,node-1081,BP,73691683,8928,839232,0,0,0,0,839232,0.01678464,0.333136,67,17099,1607306,0,0,0,0,1607306,0.03214612,0.63544,67
94,node-1082,BP,73581970,8927,839138,0,0,0,0,839138,0.01678276,0.332384,67,17286,1624884,0,0,0,0,1624884,0.03249768,0.642208,67
95,node-1083,relay,0,312153,29342382,0,0,0,0,29342382,0.58684764,11.623664,67,307654,28919476,0,0,0,0,28919476,0.57838952,11.451456,67
96,node-1084,relay,0,267385,25134190,0,0,0,0,25134190,0.5026838,9.954976,67,370045,34784230,0,0,0,0,34784230,0.6956846,13.77288,67
97,node-1085,relay,0,321143,30187442,0,0,0,0,30187442,0.6037488400000001,11.957552,67,307706,28924364,0,0,0,0,28924364,0.57848728,11.4492,67
98,node-1086,relay,0,249264,23430816,0,0,0,0,23430816,0.46861632,9.281184,67,343954,32331676,0,0,0,0,32331676,0.6466335200000001,12.81032,67
99,node-1087,relay,0,249202,23424988,0,0,0,0,23424988,0.46849976,9.278176,67,370895,34864130,0,0,0,0,34864130,0.6972826000000001,13.783408,67
100,node-1088,relay,0,284507,26743658,0,0,0,0,26743658,0.53487316,10.591168,67,379673,35689262,0,0,0,0,35689262,0.71378524,14.13384,67
101,node-1089,BP,62140030,8948,841112,0,0,0,0,841112,0.01682224,0.333136,67,17000,1598000,0,0,0,0,1598000,0.03196,0.63168,67
102,node-109,relay,0,285642,26850348,0,0,0,0,26850348,0.53700696,10.635536,67,334437,31437078,0,0,0,0,31437078,0.62874156,12.451616,67
103,node-1090,BP,61960756,8948,841112,0,0,0,0,841112,0.01682224,0.333136,67,16483,1549402,0,0,0,0,1549402,0.030988039999999998,0.612128,67
104,node-1091,BP,61951600,8948,841112,0,0,0,0,841112,0.01682224,0.333136,67,16148,1517912,0,0,0,0,1517912,0.030358239999999998,0.599344,71
105,node-1092,relay,0,267484,25143496,0,0,0,0,25143496,0.50286992,9.96024,67,298942,28100548,0,0,0,0,28100548,0.56201096,11.126592,67
106,node-1093,relay,0,258862,24333028,0,0,0,0,24333028,0.48666055999999996,9.638384,67,262086,24636084,0,0,0,0,24636084,0.49272168,9.754944,67
107,node-1094,relay,0,294215,27656210,0,0,0,0,27656210,0.5531242000000001,10.955136,67,369611,34743434,0,0,0,0,34743434,0.69486868,13.763856,67
108,node-1095,relay,0,311592,29289648,0,0,0,0,29289648,0.58579296,11.600352,67,325927,30637138,0,0,0,0,30637138,0.61274276,12.139536,67
109,node-1096,relay,0,275128,25862032,0,0,0,0,25862032,0.51724064,10.241488,67,326498,30690812,0,0,0,0,30690812,0.61381624,12.160592,67
110,node-1097,relay,0,292287,27474978,0,0,0,0,27474978,0.54949956,10.879184,67,290607,27317058,0,0,0,0,27317058,0.54634116,10.81752,67
111,node-1098,BP,17933377,8930,839420,0,0,0,0,839420,0.016788400000000002,0.333136,67,17848,1677712,0,0,0,0,1677712,0.03355424,0.663264,67
112,node-1099,relay,0,310677,29203638,0,0,0,0,29203638,0.5840727600000001,11.561248,67,324298,30484012,0,0,0,0,30484012,0.60968024,12.06208,67
113,node-11,relay,0,267314,25127516,0,0,0,0,25127516,0.50255032,9.951216,67,253692,23847048,0,0,0,0,23847048,0.47694096,9.449632,67
114,node-110,relay,0,1041485,97899590,0,0,0,0,97899590,1.9579918,38.782896,67,333920,31388480,0,0,0,0,31388480,0.6277696,12.442592,67
115,node-1100,relay,0,275205,25869270,0,0,0,0,25869270,0.5173854,10.241488,67,297595,27973930,0,0,0,0,27973930,0.5594785999999999,11.051392,67
116,node-1101,BP,69238859,8946,840924,0,0,0,0,840924,0.01681848,0.333136,67,16003,1504282,0,0,0,0,1504282,0.030085639999999997,0.594832,71
117,node-1102,BP,73531967,8948,841112,0,0,0,0,841112,0.01682224,0.333136,67,16193,1522142,0,0,0,0,1522142,0.030442840000000002,0.606112,67
118,node-1103,BP,73475023,8948,841112,0,0,0,0,841112,0.01682224,0.333136,67,16285,1530790,0,0,0,0,1530790,0.030615800000000002,0.613632,67
119,node-1104,BP,70250029,8947,841018,0,0,0,0,841018,0.01682036,0.333136,67,15911,1495634,0,0,0,0,1495634,0.029912679999999997,0.585056,71
120,node-1105,BP,70249228,8948,841112,0,0,0,0,841112,0.01682224,0.333136,67,15776,1482944,0,0,0,0,1482944,0.029658880000000002,0.587312,67
121,node-1106,BP,70210628,8948,841112,0,0,0,0,841112,0.01682224,0.333136,67,15607,1467058,0,0,0,0,1467058,0.029341159999999998,0.578288,67
122,node-1107,BP,70205379,8947,841018,0,0,0,0,841018,0.01682036,0.333136,67,15828,1487832,0,0,0,0,1487832,0.02975664,0.58656,67
123,node-1108,BP,71123209,8947,841018,0,0,0,0,841018,0.01682036,0.333136,67,16838,1582772,0,0,0,0,1582772,0.03165544,0.624912,71
124,node-1109,BP,71116615,8947,841018,0,0,0,0,841018,0.01682036,0.333136,67,17127,1609938,0,0,0,0,1609938,0.03219876,0.637696,71
125,node-111,relay,0,1068233,100413902,0,0,0,0,100413902,2.00827804,39.779296,67,370984,34872496,0,0,0,0,34872496,0.69744992,13.818752,67
126,node-1110,BP,70868179,8948,841112,0,0,0,0,841112,0.01682224,0.333136,67,16171,1520074,0,0,0,0,1520074,0.030401479999999998,0.602352,71
127,node-1111,BP,70865955,8948,841112,0,0,0,0,841112,0.01682224,0.333136,67,16418,1543292,0,0,0,0,1543292,0.030865840000000002,0.612128,67
128,node-1112,BP,73087300,8948,841112,0,0,0,0,841112,0.01682224,0.333136,67,16741,1573654,0,0,0,0,1573654,0.03147308,0.621904,71
129,node-1113,BP,69161310,8948,841112,0,0,0,0,841112,0.01682224,0.333136,67,16604,1560776,0,0,0,0,1560776,0.03121552,0.614384,67
130,node-1114,BP,73036907,8948,841112,0,0,0,0,841112,0.01682224,0.333136,67,16991,1597154,0,0,0,0,1597154,0.03194308,0.633184,67
131,node-1115,BP,70859922,8927,839138,0,0,0,0,839138,0.01678276,0.332384,67,17300,1626200,0,0,0,0,1626200,0.032524000000000004,0.64296,67
132,node-1116,relay,0,240564,22613016,0,0,0,0,22613016,0.45226031999999994,8.95632,67,262583,24682802,0,0,0,0,24682802,0.49365603999999996,9.76848,67
133,node-1117,relay,0,283877,26684438,0,0,0,0,26684438,0.53368876,10.572368,67,316588,29759272,0,0,0,0,29759272,0.59518544,11.777824,67
134,node-1118,relay,0,293699,27607706,0,0,0,0,27607706,0.55215412,10.937088,67,316615,29761810,0,0,0,0,29761810,0.5952362,11.7876,67
135,node-1119,relay,0,346952,32613488,0,0,0,0,32613488,0.6522697599999999,12.914096,67,378895,35616130,0,0,0,0,35616130,0.7123225999999999,14.10752,67
136,node-112,relay,0,1139469,107110086,0,0,0,0,107110086,2.14220172,42.423328,67,279569,26279486,0,0,0,0,26279486,0.5255897199999999,10.3964,67
137,node-1120,relay,0,276313,25973422,0,0,0,0,25973422,0.51946844,10.288864,67,360868,33921592,0,0,0,0,33921592,0.6784318399999999,13.429968,67
138,node-1121,relay,0,258295,24279730,0,0,0,0,24279730,0.4855946,9.617328,67,297607,27975058,0,0,0,0,27975058,0.55950116,11.079216,67
139,node-1122,relay,0,258205,24271270,0,0,0,0,24271270,0.4854254,9.615072,67,350602,32956588,0,0,0,0,32956588,0.6591317600000001,13.053216,67
140,node-1123,relay,0,267611,25155434,0,0,0,0,25155434,0.50310868,9.964,67,361514,33982316,0,0,0,0,33982316,0.6796463199999999,13.460048,67
141,node-1124,relay,0,267728,25166432,0,0,0,0,25166432,0.50332864,9.968512,67,308305,28980670,0,0,0,0,28980670,0.5796134,11.473264,67
142,node-1125,relay,0,266896,25088224,0,0,0,0,25088224,0.50176448,9.93768,67,271263,25498722,0,0,0,0,25498722,0.50997444,10.09936,67
143,node-1126,relay,0,275887,25933378,0,0,0,0,25933378,0.51866756,10.27232,67,299109,28116246,0,0,0,0,28116246,0.56232492,11.1296,67
144,node-1127,relay,0,249631,23465314,0,0,0,0,23465314,0.46930627999999996,9.293968,67,342165,32163510,0,0,0,0,32163510,0.6432702,12.739632,67
145,node-1128,relay,0,240029,22562726,0,0,0,0,22562726,0.45125452000000005,8.932256,67,414199,38934706,0,0,0,0,38934706,0.7786941199999999,15.4348,67
146,node-1129,relay,0,276716,26011304,0,0,0,0,26011304,0.52022608,10.303152,67,307524,28907256,0,0,0,0,28907256,0.57814512,11.45296,67
147,node-113,relay,0,1131367,106348498,0,0,0,0,106348498,2.1269699600000003,42.124784,67,316589,29759366,0,0,0,0,29759366,0.59518732,11.79512,67
148,node-1130,relay,0,258117,24262998,0,0,0,0,24262998,0.48525996,9.609808,67,290612,27317528,0,0,0,0,27317528,0.54635056,10.800976,67
149,node-1131,relay,0,257010,24158940,0,0,0,0,24158940,0.4831788,9.566192,67,335469,31534086,0,0,0,0,31534086,0.63068172,12.493728,67
150,node-1132,relay,0,284654,26757476,0,0,0,0,26757476,0.53514952,10.59944,67,343947,32331018,0,0,0,0,32331018,0.64662036,12.816336,67
151,node-1133,relay,0,284543,26747042,0,0,0,0,26747042,0.53494084,10.597936,67,334952,31485488,0,0,0,0,31485488,0.62970976,12.472672,67
152,node-1134,relay,0,249176,23422544,0,0,0,0,23422544,0.46845087999999996,9.273664,67,271767,25546098,0,0,0,0,25546098,0.51092196,10.119664,67
153,node-1135,relay,0,301864,28375216,0,0,0,0,28375216,0.5675043200000001,11.23864,67,308678,29015732,0,0,0,0,29015732,0.58031464,11.499584,67
154,node-1136,relay,0,266151,25018194,0,0,0,0,25018194,0.50036388,9.906848,67,282669,26570886,0,0,0,0,26570886,0.53141772,10.526496,67
155,node-1137,relay,0,292618,27506092,0,0,0,0,27506092,0.55012184,10.891216,67,325933,30637702,0,0,0,0,30637702,0.61275404,12.138032,67
156,node-1138,relay,0,266794,25078636,0,0,0,0,25078636,0.50157272,9.930912,67,281210,26433740,0,0,0,0,26433740,0.5286748,10.470848,67
157,node-1139,relay,0,249229,23427526,0,0,0,0,23427526,0.46855052,9.278176,67,325472,30594368,0,0,0,0,30594368,0.61188736,12.119984,67
158,node-114,relay,0,1103119,103693186,0,0,0,0,103693186,2.07386372,41.075744,67,352526,33137444,0,0,0,0,33137444,0.6627488800000001,13.138192,67
159,node-1140,relay,0,248627,23370938,0,0,0,0,23370938,0.46741876,9.252608,67,237340,22309960,0,0,0,0,22309960,0.4461992,8.838256,67
160,node-1141,relay,0,213662,20084228,0,0,0,0,20084228,0.40168455999999997,7.95616,67,325802,30625388,0,0,0,0,30625388,0.6125077600000001,12.138032,67
161,node-1142,relay,0,266983,25096402,0,0,0,0,25096402,0.50192804,9.939184,67,361849,34013806,0,0,0,0,34013806,0.68027612,13.474336,67
162,node-1143,relay,0,256421,24103574,0,0,0,0,24103574,0.48207147999999994,9.549648,67,346087,32532178,0,0,0,0,32532178,0.65064356,12.865216,67
163,node-1144,relay,0,240015,22561410,0,0,0,0,22561410,0.45122819999999997,8.936016,67,343602,32298588,0,0,0,0,32298588,0.64597176,12.79152,67
164,node-1145,relay,0,231508,21761752,0,0,0,0,21761752,0.43523504,8.618672,67,334278,31422132,0,0,0,0,31422132,0.62844264,12.436576,67
165,node-1146,relay,0,276569,25997486,0,0,0,0,25997486,0.51994972,10.297136,67,312445,29369830,0,0,0,0,29369830,0.5873966,11.627424,67
166,node-1147,BP,41673951,8948,841112,0,0,0,0,841112,0.01682224,0.333136,67,15704,1476176,0,0,0,0,1476176,0.029523519999999998,0.580544,67
167,node-1148,BP,41444074,8948,841112,0,0,0,0,841112,0.01682224,0.333136,67,15855,1490370,0,0,0,0,1490370,0.029807399999999998,0.585808,71
168,node-1149,BP,41367946,8947,841018,0,0,0,0,841018,0.01682036,0.333136,67,16363,1538122,0,0,0,0,1538122,0.03076244,0.603856,67
169,node-115,relay,0,1095692,102995048,0,0,0,0,102995048,2.05990096,40.799008,67,325957,30639958,0,0,0,0,30639958,0.61279916,12.13728,67
170,node-1150,BP,41018663,8948,841112,0,0,0,0,841112,0.01682224,0.333136,67,16336,1535584,0,0,0,0,1535584,0.03071168,0.611376,67
171,node-1151,BP,40789089,8948,841112,0,0,0,0,841112,0.01682224,0.333136,67,16413,1542822,0,0,0,0,1542822,0.03085644,0.60912,67
172,node-1152,BP,40550751,8948,841112,0,0,0,0,841112,0.01682224,0.333136,67,16337,1535678,0,0,0,0,1535678,0.03071356,0.607616,67
173,node-1153,BP,56820375,8948,841112,0,0,0,0,841112,0.01682224,0.333136,67,17010,1598940,0,0,0,0,1598940,0.0319788,0.63168,71
174,node-1154,BP,56417226,8948,841112,0,0,0,0,841112,0.01682224,0.333136,67,16705,1570270,0,0,0,0,1570270,0.0314054,0.62416,67
175,node-1155,BP,56130209,8948,841112,0,0,0,0,841112,0.01682224,0.333136,67,16636,1563784,0,0,0,0,1563784,0.03127568,0.615888,71
176,node-1156,BP,45069452,8948,841112,0,0,0,0,841112,0.01682224,0.333136,67,17295,1625730,0,0,0,0,1625730,0.0325146,0.645216,67
177,node-1157,BP,44637222,8948,841112,0,0,0,0,841112,0.01682224,0.333136,67,17194,1616236,0,0,0,0,1616236,0.03232472,0.640704,67
178,node-1158,BP,44633711,8948,841112,0,0,0,0,841112,0.01682224,0.333136,67,17398,1635412,0,0,0,0,1635412,0.03270824,0.647472,67
179,node-1159,BP,44511534,8948,841112,0,0,0,0,841112,0.01682224,0.333136,67,17040,1601760,0,0,0,0,1601760,0.0320352,0.634688,67
180,node-116,relay,0,276077,25951238,0,0,0,0,25951238,0.51902476,10.279088,67,338926,31859044,0,0,0,0,31859044,0.6371808800000001,12.620064,67
181,node-1160,BP,44201704,8948,841112,0,0,0,0,841112,0.01682224,0.333136,67,15605,1466870,0,0,0,0,1466870,0.0293374,0.581296,67
182,node-1161,BP,44182763,8948,841112,0,0,0,0,841112,0.01682224,0.333136,67,17457,1640958,0,0,0,0,1640958,0.03281916,0.649728,67
183,node-1162,BP,44075049,8948,841112,0,0,0,0,841112,0.01682224,0.333136,67,17019,1599786,0,0,0,0,1599786,0.03199572,0.633936,67
184,node-1163,BP,19800574,8936,839984,0,0,0,0,839984,0.016799679999999997,0.333136,67,17426,1638044,0,0,0,0,1638044,0.03276088,0.65048,67
185,node-1164,BP,43937575,8948,841112,0,0,0,0,841112,0.01682224,0.333136,67,17044,1602136,0,0,0,0,1602136,0.03204272,0.632432,71
186,node-1165,BP,43800426,8948,841112,0,0,0,0,841112,0.01682224,0.333136,67,16521,1552974,0,0,0,0,1552974,0.03105948,0.613632,67
187,node-1166,BP,43698824,8947,841018,0,0,0,0,841018,0.01682036,0.333136,67,16966,1594804,0,0,0,0,1594804,0.03189608,0.630928,67
188,node-1167,BP,43398109,8947,841018,0,0,0,0,841018,0.01682036,0.333136,67,16418,1543292,0,0,0,0,1543292,0.030865840000000002,0.608368,71
189,node-1168,BP,43269773,8948,841112,0,0,0,0,841112,0.01682224,0.333136,67,17350,1630900,0,0,0,0,1630900,0.032618,0.643712,67
190,node-1169,BP,42771242,8947,841018,0,0,0,0,841018,0.01682036,0.333136,67,16222,1524868,0,0,0,0,1524868,0.030497359999999998,0.598592,71
191,node-117,relay,0,223175,20978450,0,0,0,0,20978450,0.41956899999999997,8.3096,67,294591,27691554,0,0,0,0,27691554,0.55383108,10.968672,67
192,node-1170,BP,42530743,8948,841112,0,0,0,0,841112,0.01682224,0.333136,67,15911,1495634,0,0,0,0,1495634,0.029912679999999997,0.587312,67
193,node-1171,BP,42316730,8948,841112,0,0,0,0,841112,0.01682224,0.333136,67,16689,1568766,0,0,0,0,1568766,0.031375320000000005,0.6204,71
194,node-1172,BP,50881522,8931,839514,0,0,0,0,839514,0.01679028,0.333136,67,16181,1521014,0,0,0,0,1521014,0.03042028,0.598592,71
195,node-1173,BP,50851655,8927,839138,0,0,0,0,839138,0.01678276,0.332384,67,17041,1601854,0,0,0,0,1601854,0.032037079999999996,0.630928,67
196,node-1174,BP,53298370,8948,841112,0,0,0,0,841112,0.01682224,0.333136,67,15922,1496668,0,0,0,0,1496668,0.029933360000000003,0.588064,240
197,node-1175,BP,53127447,8948,841112,0,0,0,0,841112,0.01682224,0.333136,67,16614,1561716,0,0,0,0,1561716,0.031234320000000003,0.621152,67
198,node-1176,BP,53102474,8947,841018,0,0,0,0,841018,0.01682036,0.333136,67,16259,1528346,0,0,0,0,1528346,0.03056692,0.6016,386
199,node-1177,BP,52942394,8947,841018,0,0,0,0,841018,0.01682036,0.333136,67,16669,1566886,0,0,0,0,1566886,0.03133772,0.621152,67
200,node-1178,BP,52527667,8948,841112,0,0,0,0,841112,0.01682224,0.333136,67,16316,1533704,0,0,0,0,1533704,0.03067408,0.607616,67
201,node-1179,BP,50000107,8941,840454,0,0,0,0,840454,0.01680908,0.333136,67,17219,1618586,0,0,0,0,1618586,0.03237172,0.639952,67
202,node-118,relay,0,275787,25923978,0,0,0,0,25923978,0.5184795600000001,10.270816,67,321372,30208968,0,0,0,0,30208968,0.6041793599999999,11.965824,67
203,node-1180,BP,50000000,8939,840266,0,0,0,0,840266,0.01680532,0.333136,67,16716,1571304,0,0,0,0,1571304,0.03142608,0.624912,67
204,node-1181,BP,50000000,8942,840548,0,0,0,0,840548,0.01681096,0.333136,67,17130,1610220,0,0,0,0,1610220,0.0322044,0.639952,67
205,node-1182,BP,49999907,8946,840924,0,0,0,0,840924,0.01681848,0.333136,67,16296,1531824,0,0,0,0,1531824,0.03063648,0.611376,386
206,node-1183,BP,49920162,8939,840266,0,0,0,0,840266,0.01680532,0.333136,67,17117,1608998,0,0,0,0,1608998,0.03217996,0.63544,67
207,node-1184,BP,49905708,8938,840172,0,0,0,0,840172,0.01680344,0.333136,67,17084,1605896,0,0,0,0,1605896,0.03211792,0.63544,67
208,node-1185,BP,49497848,8939,840266,0,0,0,0,840266,0.01680532,0.333136,67,17267,1623098,0,0,0,0,1623098,0.03246196,0.64296,67
209,node-1186,BP,49175648,8938,840172,0,0,0,0,840172,0.01680344,0.333136,67,17346,1630524,0,0,0,0,1630524,0.032610480000000004,0.641456,67
210,node-1187,BP,48938178,8947,841018,0,0,0,0,841018,0.01682036,0.333136,67,17557,1650358,0,0,0,0,1650358,0.03300716,0.652736,71
211,node-1188,BP,48902792,8947,841018,0,0,0,0,841018,0.01682036,0.333136,67,17266,1623004,0,0,0,0,1623004,0.032460079999999995,0.644464,71
212,node-1189,BP,48523402,8947,841018,0,0,0,0,841018,0.01682036,0.333136,67,16452,1546488,0,0,0,0,1546488,0.03092976,0.613632,67
213,node-119,BP,70030324,8948,841112,0,0,0,0,841112,0.01682224,0.333136,67,17056,1603264,0,0,0,0,1603264,0.03206528,0.63544,67
214,node-1190,BP,48511634,8947,841018,0,0,0,0,841018,0.01682036,0.333136,67,16511,1552034,0,0,0,0,1552034,0.031040679999999998,0.614384,67
215,node-1191,BP,48117533,8947,841018,0,0,0,0,841018,0.01682036,0.333136,67,16628,1563032,0,0,0,0,1563032,0.03126064,0.621904,71
216,node-1192,BP,47624007,8946,840924,0,0,0,0,840924,0.01681848,0.333136,67,16341,1536054,0,0,0,0,1536054,0.03072108,0.612128,71
217,node-1193,BP,47500026,8941,840454,0,0,0,0,840454,0.01680908,0.333136,67,16909,1589446,0,0,0,0,1589446,0.03178892,0.630928,67
218,node-1194,BP,47444992,8946,840924,0,0,0,0,840924,0.01681848,0.333136,67,16597,1560118,0,0,0,0,1560118,0.03120236,0.618896,71
219,node-1195,BP,47375649,8940,840360,0,0,0,0,840360,0.0168072,0.333136,67,16613,1561622,0,0,0,0,1561622,0.03123244,0.619648,67
220,node-1196,BP,47111056,8939,840266,0,0,0,0,840266,0.01680532,0.333136,67,16263,1528722,0,0,0,0,1528722,0.030574439999999998,0.603104,67
221,node-1197,BP,47012108,8942,840548,0,0,0,0,840548,0.01681096,0.333136,67,16304,1532576,0,0,0,0,1532576,0.030651519999999998,0.606112,67
222,node-1198,BP,46972904,8947,841018,0,0,0,0,841018,0.01682036,0.333136,67,16351,1536994,0,0,0,0,1536994,0.03073988,0.608368,71
223,node-1199,BP,62996673,8947,841018,0,0,0,0,841018,0.01682036,0.333136,67,16173,1520262,0,0,0,0,1520262,0.03040524,0.603856,263
224,node-12,relay,0,294546,27687324,0,0,0,0,27687324,0.55374648,10.967168,67,285593,26845742,0,0,0,0,26845742,0.53691484,10.634032,67
225,node-120,BP,70030026,8948,841112,0,0,0,0,841112,0.01682224,0.333136,67,17628,1657032,0,0,0,0,1657032,0.03314064,0.65424,67
226,node-1200,BP,61811080,8947,841018,0,0,0,0,841018,0.01682036,0.333136,67,16978,1595932,0,0,0,0,1595932,0.03191864,0.637696,67
227,node-1201,BP,61725035,8948,841112,0,0,0,0,841112,0.01682224,0.333136,67,17245,1621030,0,0,0,0,1621030,0.0324206,0.643712,67
228,node-1202,BP,61620728,8948,841112,0,0,0,0,841112,0.01682224,0.333136,67,17405,1636070,0,0,0,0,1636070,0.0327214,0.647472,67
229,node-1203,BP,61589463,8947,841018,0,0,0,0,841018,0.01682036,0.333136,67,17257,1622158,0,0,0,0,1622158,0.03244316,0.642208,67
230,node-1204,BP,62853029,8927,839138,0,0,0,0,839138,0.01678276,0.332384,67,16798,1579012,0,0,0,0,1579012,0.03158024,0.62792,67
231,node-1205,BP,61529810,8948,841112,0,0,0,0,841112,0.01682224,0.333136,67,16569,1557486,0,0,0,0,1557486,0.03114972,0.615136,71
232,node-1206,BP,60999843,8948,841112,0,0,0,0,841112,0.01682224,0.333136,67,17812,1674328,0,0,0,0,1674328,0.03348656,0.663264,67
233,node-1207,BP,60868733,8947,841018,0,0,0,0,841018,0.01682036,0.333136,67,16654,1565476,0,0,0,0,1565476,0.03130952,0.621904,71
234,node-1208,BP,60158300,8947,841018,0,0,0,0,841018,0.01682036,0.333136,67,17014,1599316,0,0,0,0,1599316,0.03198632,0.633936,67
235,node-1209,BP,50822606,8948,841112,0,0,0,0,841112,0.01682224,0.333136,67,16868,1585592,0,0,0,0,1585592,0.03171184,0.629424,71
236,node-121,BP,70029739,8947,841018,0,0,0,0,841018,0.01682036,0.333136,67,17144,1611536,0,0,0,0,1611536,0.032230720000000004,0.636192,67
237,node-1210,BP,50607859,8948,841112,0,0,0,0,841112,0.01682224,0.333136,67,16887,1587378,0,0,0,0,1587378,0.03174756,0.63168,67
238,node-1211,BP,50368078,8948,841112,0,0,0,0,841112,0.01682224,0.333136,67,16872,1585968,0,0,0,0,1585968,0.03171936,0.629424,67
239,node-1212,BP,50056898,8948,841112,0,0,0,0,841112,0.01682224,0.333136,67,16595,1559930,0,0,0,0,1559930,0.0311986,0.617392,71
240,node-1213,BP,50010599,8948,841112,0,0,0,0,841112,0.01682224,0.333136,67,16788,1578072,0,0,0,0,1578072,0.031561439999999996,0.623408,67
241,node-1214,BP,50007494,8947,841018,0,0,0,0,841018,0.01682036,0.333136,67,17004,1598376,0,0,0,0,1598376,0.03196752,0.63168,67
242,node-1215,BP,50000337,8948,841112,0,0,0,0,841112,0.01682224,0.333136,67,16230,1525620,0,0,0,0,1525620,0.0305124,0.603856,71
243,node-1216,BP,50000226,8948,841112,0,0,0,0,841112,0.01682224,0.333136,67,17004,1598376,0,0,0,0,1598376,0.03196752,0.632432,67
244,node-1217,BP,19742165,8947,841018,0,0,0,0,841018,0.01682036,0.333136,67,16680,1567920,0,0,0,0,1567920,0.0313584,0.618144,392
245,node-1218,BP,19706601,8948,841112,0,0,0,0,841112,0.01682224,0.333136,67,16589,1559366,0,0,0,0,1559366,0.03118732,0.621152,71
246,node-1219,BP,60069059,8947,841018,0,0,0,0,841018,0.01682036,0.333136,67,17104,1607776,0,0,0,0,1607776,0.03215552,0.636192,67
247,node-122,BP,70029516,8948,841112,0,0,0,0,841112,0.01682224,0.333136,67,17039,1601666,0,0,0,0,1601666,0.032033320000000004,0.63168,67
248,node-1220,BP,59959676,8948,841112,0,0,0,0,841112,0.01682224,0.333136,67,17191,1615954,0,0,0,0,1615954,0.03231908,0.640704,67
249,node-1221,BP,59698965,8948,841112,0,0,0,0,841112,0.01682224,0.333136,67,17430,1638420,0,0,0,0,1638420,0.0327684,0.648224,67
250,node-1222,BP,59499173,8948,841112,0,0,0,0,841112,0.01682224,0.333136,67,17054,1603076,0,0,0,0,1603076,0.032061519999999996,0.633184,67
251,node-1223,BP,38267495,8947,841018,0,0,0,0,841018,0.01682036,0.333136,67,15517,1458598,0,0,0,0,1458598,0.02917196,0.574528,71
252,node-1224,BP,38258196,8947,841018,0,0,0,0,841018,0.01682036,0.333136,67,17101,1607494,0,0,0,0,1607494,0.03214988,0.636192,67
253,node-1225,BP,38101263,8947,841018,0,0,0,0,841018,0.01682036,0.333136,67,16726,1572244,0,0,0,0,1572244,0.03144488,0.619648,71
254,node-1226,BP,37941246,8947,841018,0,0,0,0,841018,0.01682036,0.333136,67,15637,1469878,0,0,0,0,1469878,0.02939756,0.577536,71
255,node-1227,BP,62838990,8947,841018,0,0,0,0,841018,0.01682036,0.333136,67,16839,1582866,0,0,0,0,1582866,0.03165732,0.627168,71
256,node-1228,BP,62642631,8947,841018,0,0,0,0,841018,0.01682036,0.333136,67,17416,1637104,0,0,0,0,1637104,0.03274208,0.647472,71
257,node-1229,BP,40305860,8947,841018,0,0,0,0,841018,0.01682036,0.333136,67,16582,1558708,0,0,0,0,1558708,0.03117416,0.618896,67
258,node-123,BP,70027637,8948,841112,0,0,0,0,841112,0.01682224,0.333136,67,17211,1617834,0,0,0,0,1617834,0.03235668,0.64296,67
259,node-1230,BP,40054098,8948,841112,0,0,0,0,841112,0.01682224,0.333136,67,15515,1458410,0,0,0,0,1458410,0.0291682,0.580544,67
260,node-1231,BP,39755941,8948,841112,0,0,0,0,841112,0.01682224,0.333136,67,16778,1577132,0,0,0,0,1577132,0.03154264,0.623408,71
261,node-1232,BP,39724134,8947,841018,0,0,0,0,841018,0.01682036,0.333136,67,16546,1555324,0,0,0,0,1555324,0.03110648,0.61664,67
262,node-1233,BP,39641352,8948,841112,0,0,0,0,841112,0.01682224,0.333136,67,16591,1559554,0,0,0,0,1559554,0.031191080000000003,0.6204,71
263,node-1234,BP,39125157,8947,841018,0,0,0,0,841018,0.01682036,0.333136,67,16503,1551282,0,0,0,0,1551282,0.03102564,0.612128,71
264,node-1235,BP,56028319,8948,841112,0,0,0,0,841112,0.01682224,0.333136,67,17353,1631182,0,0,0,0,1631182,0.032623639999999995,0.645216,67
265,node-1236,BP,55980919,8947,841018,0,0,0,0,841018,0.01682036,0.333136,67,16514,1552316,0,0,0,0,1552316,0.031046320000000002,0.609872,71
266,node-1237,BP,55890526,8947,841018,0,0,0,0,841018,0.01682036,0.333136,67,17220,1618680,0,0,0,0,1618680,0.032373599999999995,0.639952,67
267,node-1238,BP,55844877,8947,841018,0,0,0,0,841018,0.01682036,0.333136,67,17061,1603734,0,0,0,0,1603734,0.03207468,0.637696,67
268,node-1239,BP,55745534,8948,841112,0,0,0,0,841112,0.01682224,0.333136,67,17057,1603358,0,0,0,0,1603358,0.032067160000000004,0.632432,67
269,node-124,BP,70027058,8948,841112,0,0,0,0,841112,0.01682224,0.333136,67,17112,1608528,0,0,0,0,1608528,0.03217056,0.636192,67
270,node-1240,BP,55116530,8948,841112,0,0,0,0,841112,0.01682224,0.333136,67,17130,1610220,0,0,0,0,1610220,0.0322044,0.636192,67
271,node-1241,BP,19426516,8947,841018,0,0,0,0,841018,0.01682036,0.333136,67,16920,1590480,0,0,0,0,1590480,0.0318096,0.624912,67
272,node-1242,BP,19305045,8948,841112,0,0,0,0,841112,0.01682224,0.333136,67,17013,1599222,0,0,0,0,1599222,0.031984439999999996,0.633184,67
273,node-1243,BP,19210781,8947,841018,0,0,0,0,841018,0.01682036,0.333136,67,17309,1627046,0,0,0,0,1627046,0.03254092,0.643712,67
274,node-1244,BP,19179796,8927,839138,0,0,0,0,839138,0.01678276,0.332384,67,16443,1545642,0,0,0,0,1545642,0.03091284,0.610624,71
275,node-1245,BP,19084342,8948,841112,0,0,0,0,841112,0.01682224,0.333136,67,17812,1674328,0,0,0,0,1674328,0.03348656,0.663264,67
276,node-1246,BP,19049660,8948,841112,0,0,0,0,841112,0.01682224,0.333136,67,17237,1620278,0,0,0,0,1620278,0.03240556,0.641456,67
277,node-1247,BP,62359960,8948,841112,0,0,0,0,841112,0.01682224,0.333136,67,17812,1674328,0,0,0,0,1674328,0.03348656,0.663264,67
278,node-1248,BP,18889467,8948,841112,0,0,0,0,841112,0.01682224,0.333136,67,16426,1544044,0,0,0,0,1544044,0.03088088,0.613632,67
279,node-1249,BP,62211987,8947,841018,0,0,0,0,841018,0.01682036,0.333136,67,16451,1546394,0,0,0,0,1546394,0.03092788,0.610624,71
280,node-125,BP,70026709,8948,841112,0,0,0,0,841112,0.01682224,0.333136,67,17308,1626952,0,0,0,0,1626952,0.03253904,0.64672,67
281,node-1250,BP,18846169,8946,840924,0,0,0,0,840924,0.01681848,0.333136,67,16471,1548274,0,0,0,0,1548274,0.03096548,0.61664,71
282,node-1251,BP,18818648,8947,841018,0,0,0,0,841018,0.01682036,0.333136,67,16725,1572150,0,0,0,0,1572150,0.031443,0.623408,67
283,node-1252,relay,0,302020,28389880,0,0,0,0,28389880,0.5677976,11.2424,67,317237,29820278,0,0,0,0,29820278,0.59640556,11.81016,67
284,node-1253,relay,0,284947,26785018,0,0,0,0,26785018,0.53570036,10.60696,67,324532,30506008,0,0,0,0,30506008,0.61012016,12.08088,67
285,node-1254,relay,0,249125,23417750,0,0,0,0,23417750,0.468355,9.272912,67,290148,27273912,0,0,0,0,27273912,0.54547824,10.816016,67
286,node-1255,relay,0,267200,25116800,0,0,0,0,25116800,0.502336,9.949712,67,270953,25469582,0,0,0,0,25469582,0.50939164,10.09184,67
287,node-1256,relay,0,284829,26773926,0,0,0,0,26773926,0.53547852,10.603952,67,404992,38069248,0,0,0,0,38069248,0.76138496,15.079856,67
288,node-1257,relay,0,257270,24183380,0,0,0,0,24183380,0.4836676,9.58048,67,369806,34761764,0,0,0,0,34761764,0.69523528,13.775888,67
289,node-1258,relay,0,321351,30206994,0,0,0,0,30206994,0.6041398800000001,11.965072,67,370050,34784700,0,0,0,0,34784700,0.695694,13.770624,67
290,node-1259,relay,0,303497,28528718,0,0,0,0,28528718,0.5705743600000001,11.300304,67,334017,31397598,0,0,0,0,31397598,0.62795196,12.43056,67
291,node-126,BP,70026333,8948,841112,0,0,0,0,841112,0.01682224,0.333136,67,17393,1634942,0,0,0,0,1634942,0.03269884,0.648976,67
292,node-1260,relay,0,355395,33407130,0,0,0,0,33407130,0.6681426,13.234448,67,359865,33827310,0,0,0,0,33827310,0.6765462,13.402144,67
293,node-1261,relay,0,231935,21801890,0,0,0,0,21801890,0.43603780000000003,8.635968,67,415624,39068656,0,0,0,0,39068656,0.7813731199999999,15.48368,67
294,node-1262,relay,0,276276,25969944,0,0,0,0,25969944,0.51939888,10.28736,67,306905,28849070,0,0,0,0,28849070,0.5769814,11.427392,67
295,node-1263,relay,0,294012,27637128,0,0,0,0,27637128,0.55274256,10.946112,67,253705,23848270,0,0,0,0,23848270,0.4769654,9.443616,67
296,node-1264,relay,0,276716,26011304,0,0,0,0,26011304,0.52022608,10.303152,67,307752,28928688,0,0,0,0,28928688,0.57857376,11.459728,67
297,node-1265,relay,0,276481,25989214,0,0,0,0,25989214,0.51978428,10.293376,67,306903,28848882,0,0,0,0,28848882,0.57697764,11.42288,67
298,node-1266,relay,0,321351,30206994,0,0,0,0,30206994,0.6041398800000001,11.965072,67,245994,23123436,0,0,0,0,23123436,0.46246872000000006,9.157104,67
299,node-1267,relay,0,285643,26850442,0,0,0,0,26850442,0.53700884,10.635536,67,343711,32308834,0,0,0,0,32308834,0.64617668,12.790768,67
300,node-1268,relay,0,267801,25173294,0,0,0,0,25173294,0.5034658799999999,9.970768,67,290295,27287730,0,0,0,0,27287730,0.5457546,10.81752,67
301,node-1269,relay,0,294549,27687606,0,0,0,0,27687606,0.55375212,10.967168,67,326136,30656784,0,0,0,0,30656784,0.61313568,12.140288,67
302,node-127,relay,0,258862,24333028,0,0,0,0,24333028,0.48666055999999996,9.638384,67,351896,33078224,0,0,0,0,33078224,0.66156448,13.111872,67
303,node-1270,relay,0,383460,36045240,0,0,0,0,36045240,0.7209048,14.278224,67,325101,30559494,0,0,0,0,30559494,0.61118988,12.102688,67
304,node-1271,relay,0,285644,26850536,0,0,0,0,26850536,0.53701072,10.635536,67,334338,31427772,0,0,0,0,31427772,0.62855544,12.450864,67
305,node-1272,relay,0,330279,31046226,0,0,0,0,31046226,0.62092452,12.297456,67,325675,30613450,0,0,0,0,30613450,0.612269,12.126,67
306,node-1273,relay,0,276609,26001246,0,0,0,0,26001246,0.52002492,10.299392,67,325950,30639300,0,0,0,0,30639300,0.6127859999999999,12.13728,67
307,node-1274,relay,0,231653,21775382,0,0,0,0,21775382,0.43550764000000003,8.623936,67,369402,34723788,0,0,0,0,34723788,0.69447576,13.75032,67
308,node-1275,relay,0,401441,37735454,0,0,0,0,37735454,0.7547090799999999,14.946752,67,333736,31371184,0,0,0,0,31371184,0.62742368,12.424544,67
309,node-1276,relay,0,249870,23487780,0,0,0,0,23487780,0.4697556,9.303744,67,334169,31411886,0,0,0,0,31411886,0.62823772,12.444848,67
310,node-1277,relay,0,418583,39346802,0,0,0,0,39346802,0.78693604,15.585952,67,306969,28855086,0,0,0,0,28855086,0.57710172,11.41912,67
311,node-1278,relay,0,303010,28482940,0,0,0,0,28482940,0.5696588,11.282256,67,308192,28970048,0,0,0,0,28970048,0.57940096,11.469504,67
312,node-1279,relay,0,283456,26644864,0,0,0,0,26644864,0.5328972799999999,10.5468,67,308067,28958298,0,0,0,0,28958298,0.57916596,11.47928,67
313,node-128,relay,0,330039,31023666,0,0,0,0,31023666,0.62047332,12.289184,67,281221,26434774,0,0,0,0,26434774,0.52869548,10.464832,67
314,node-1280,relay,0,258151,24266194,0,0,0,0,24266194,0.48532388,9.613568,67,307665,28920510,0,0,0,0,28920510,0.5784102,11.458224,67
315,node-1281,relay,0,320362,30114028,0,0,0,0,30114028,0.6022805600000001,11.92296,67,344487,32381778,0,0,0,0,32381778,0.6476355599999999,12.8216,67
316,node-1282,relay,0,267286,25124884,0,0,0,0,25124884,0.5024976800000001,9.951216,67,369361,34719934,0,0,0,0,34719934,0.69439868,13.751824,67
317,node-1283,relay,0,257338,24189772,0,0,0,0,24189772,0.48379544,9.58048,67,334903,31480882,0,0,0,0,31480882,0.62961764,12.47944,67
318,node-1284,relay,0,249922,23492668,0,0,0,0,23492668,0.46985335999999994,9.305248,67,361725,34002150,0,0,0,0,34002150,0.680043,13.470576,67
319,node-1285,relay,0,240511,22608034,0,0,0,0,22608034,0.45216068,8.955568,67,414476,38960744,0,0,0,0,38960744,0.7792148799999999,15.434048,67
320,node-1286,relay,0,294557,27688358,0,0,0,0,27688358,0.55376716,10.967168,67,307877,28940438,0,0,0,0,28940438,0.57880876,11.466496,67
321,node-1287,relay,0,347346,32650524,0,0,0,0,32650524,0.65301048,12.935152,67,306681,28828014,0,0,0,0,28828014,0.57656028,11.40784,67
322,node-1288,relay,0,294357,27669558,0,0,0,0,27669558,0.55339116,10.959648,67,353176,33198544,0,0,0,0,33198544,0.6639708799999999,13.13368,67
323,node-1289,relay,0,249945,23494830,0,0,0,0,23494830,0.4698966,9.306,67,343402,32279788,0,0,0,0,32279788,0.6455957600000001,12.78024,67
324,node-129,relay,0,294571,27689674,0,0,0,0,27689674,0.55379348,10.96792,67,280292,26347448,0,0,0,0,26347448,0.52694896,10.434,67
325,node-1290,relay,0,285652,26851288,0,0,0,0,26851288,0.53702576,10.635536,67,325652,30611288,0,0,0,0,30611288,0.61222576,12.126,67
326,node-1291,relay,0,320966,30170804,0,0,0,0,30170804,0.60341608,11.950784,67,379737,35695278,0,0,0,0,35695278,0.71390556,14.130832,67
327,node-1292,relay,0,303498,28528812,0,0,0,0,28528812,0.57057624,11.300304,67,246095,23132930,0,0,0,0,23132930,0.46265860000000003,9.15184,67
328,node-1293,relay,0,267731,25166714,0,0,0,0,25166714,0.50333428,9.96776,67,387879,36460626,0,0,0,0,36460626,0.7292125199999999,14.448176,67
329,node-1294,relay,0,284299,26724106,0,0,0,0,26724106,0.53448212,10.5844,67,334434,31436796,0,0,0,0,31436796,0.62873592,12.453872,67
330,node-1295,relay,0,257916,24244104,0,0,0,0,24244104,0.48488208,9.60304,67,360903,33924882,0,0,0,0,33924882,0.6784976399999999,13.432224,67
331,node-1296,relay,0,257225,24179150,0,0,0,0,24179150,0.483583,9.57296,67,290296,27287824,0,0,0,0,27287824,0.54575648,10.80624,67
332,node-1297,relay,0,257922,24244668,0,0,0,0,24244668,0.48489336,9.601536,67,298478,28056932,0,0,0,0,28056932,0.56113864,11.091248,67
333,node-1298,relay,0,267371,25132874,0,0,0,0,25132874,0.50265748,9.95648,67,334627,31454938,0,0,0,0,31454938,0.62909876,12.443344,67
334,node-1299,relay,0,302905,28473070,0,0,0,0,28473070,0.5694614,11.276992,67,280418,26359292,0,0,0,0,26359292,0.52718584,10.438512,67
335,node-13,relay,0,285664,26852416,0,0,0,0,26852416,0.53704832,10.636288,67,303518,28530692,0,0,0,0,28530692,0.5706138399999999,11.301056,67
336,node-130,relay,0,258311,24281234,0,0,0,0,24281234,0.48562468000000003,9.615824,67,324596,30512024,0,0,0,0,30512024,0.61024048,12.071104,67
337,node-1300,relay,0,285302,26818388,0,0,0,0,26818388,0.53636776,10.623504,67,351474,33038556,0,0,0,0,33038556,0.66077112,13.093072,67
338,node-1301,relay,0,284111,26706434,0,0,0,0,26706434,0.53412868,10.58064,67,307728,28926432,0,0,0,0,28926432,0.5785286399999999,11.452208,67
339,node-1302,relay,0,266718,25071492,0,0,0,0,25071492,0.50142984,9.929408,67,343413,32280822,0,0,0,0,32280822,0.64561644,12.778736,67
340,node-1303,relay,0,283677,26665638,0,0,0,0,26665638,0.53331276,10.560336,67,290762,27331628,0,0,0,0,27331628,0.5466325599999999,10.82504,67
341,node-1304,relay,0,320906,30165164,0,0,0,0,30165164,0.60330328,11.948528,67,324940,30544360,0,0,0,0,30544360,0.6108872000000001,12.09216,67
342,node-1305,relay,0,267770,25170380,0,0,0,0,25170380,0.5034076000000001,9.970016,67,307565,28911110,0,0,0,0,28911110,0.5782222,11.453712,67
343,node-1306,relay,0,249934,23493796,0,0,0,0,23493796,0.46987592,9.306,67,326317,30673798,0,0,0,0,30673798,0.61347596,12.144048,67
344,node-1307,relay,0,293893,27625942,0,0,0,0,27625942,0.55251884,10.942352,67,308793,29026542,0,0,0,0,29026542,0.58053084,11.495072,67
345,node-1308,relay,0,285633,26849502,0,0,0,0,26849502,0.5369900400000001,10.634784,67,334788,31470072,0,0,0,0,31470072,0.62940144,12.459888,67
346,node-1309,relay,0,258509,24299846,0,0,0,0,24299846,0.48599692,9.624848,67,387545,36429230,0,0,0,0,36429230,0.7285845999999999,14.406816,67
347,node-131,relay,0,240607,22617058,0,0,0,0,22617058,0.45234116,8.958576,67,342759,32219346,0,0,0,0,32219346,0.6443869200000001,12.744144,67
348,node-1310,relay,0,311860,29314840,0,0,0,0,29314840,0.5862968,11.613888,67,262826,24705644,0,0,0,0,24705644,0.49411288,9.786528,67
349,node-1311,relay,0,239293,22493542,0,0,0,0,22493542,0.44987084000000005,8.90744,67,288941,27160454,0,0,0,0,27160454,0.54320908,10.755104,67
350,node-1312,relay,0,232082,21815708,0,0,0,0,21815708,0.43631416,8.641232,67,325447,30592018,0,0,0,0,30592018,0.61184036,12.120736,67
351,node-1313,relay,0,303498,28528812,0,0,0,0,28528812,0.57057624,11.300304,67,290250,27283500,0,0,0,0,27283500,0.54567,10.803232,67
352,node-1314,relay,0,249554,23458076,0,0,0,0,23458076,0.46916151999999994,9.292464,67,352324,33118456,0,0,0,0,33118456,0.66236912,13.125408,67
353,node-1315,relay,0,258577,24306238,0,0,0,0,24306238,0.48612476,9.630112,67,280363,26354122,0,0,0,0,26354122,0.52708244,10.440016,67
354,node-1316,relay,0,311655,29295570,0,0,0,0,29295570,0.5859114000000001,11.60336,67,343076,32249144,0,0,0,0,32249144,0.64498288,12.790016,67
355,node-1317,relay,0,256992,24157248,0,0,0,0,24157248,0.48314495999999996,9.56544,67,316557,29756358,0,0,0,0,29756358,0.59512716,11.780832,67
356,node-1318,relay,0,258578,24306332,0,0,0,0,24306332,0.48612664,9.627856,67,352776,33160944,0,0,0,0,33160944,0.6632188800000001,13.125408,67
357,node-1319,relay,0,303100,28491400,0,0,0,0,28491400,0.569828,11.285264,67,225206,21169364,0,0,0,0,21169364,0.42338728000000003,8.383296,67
358,node-132,relay,0,249935,23493890,0,0,0,0,23493890,0.4698778,9.306,67,280721,26387774,0,0,0,0,26387774,0.52775548,10.448288,67
359,node-1320,relay,0,221537,20824478,0,0,0,0,20824478,0.41648956,8.24568,67,280181,26337014,0,0,0,0,26337014,0.52674028,10.438512,67
360,node-1321,relay,0,222641,20928254,0,0,0,0,20928254,0.41856508,8.291552,67,280757,26391158,0,0,0,0,26391158,0.5278231600000001,10.454304,67
361,node-1322,relay,0,285624,26848656,0,0,0,0,26848656,0.53697312,10.634784,67,316067,29710298,0,0,0,0,29710298,0.59420596,11.765792,67
362,node-1323,relay,0,276716,26011304,0,0,0,0,26011304,0.52022608,10.303152,67,316480,29749120,0,0,0,0,29749120,0.5949824,11.785344,67
363,node-1324,relay,0,248764,23383816,0,0,0,0,23383816,0.46767632,9.261632,67,306059,28769546,0,0,0,0,28769546,0.5753909199999999,11.387536,67
364,node-1325,relay,0,257952,24247488,0,0,0,0,24247488,0.48494976,9.6068,67,342276,32173944,0,0,0,0,32173944,0.64347888,12.743392,67
365,node-1326,relay,0,249935,23493890,0,0,0,0,23493890,0.4698778,9.306,67,308175,28968450,0,0,0,0,28968450,0.579369,11.482288,67
366,node-1327,relay,0,231942,21802548,0,0,0,0,21802548,0.43605096000000004,8.635968,67,358665,33714510,0,0,0,0,33714510,0.6742902,13.349504,67
367,node-1328,relay,0,267790,25172260,0,0,0,0,25172260,0.5034452,9.970768,67,324587,30511178,0,0,0,0,30511178,0.61022356,12.08464,67
368,node-1329,relay,0,232071,21814674,0,0,0,0,21814674,0.43629348,8.64048,67,281559,26466546,0,0,0,0,26466546,0.52933092,10.483632,67
369,node-133,relay,0,267361,25131934,0,0,0,0,25131934,0.50263868,9.955728,67,308249,28975406,0,0,0,0,28975406,0.57950812,11.474768,67
370,node-1330,relay,0,293897,27626318,0,0,0,0,27626318,0.55252636,10.9416,67,316786,29777884,0,0,0,0,29777884,0.59555768,11.788352,67
371,node-1331,relay,0,249347,23438618,0,0,0,0,23438618,0.46877236000000005,9.284192,67,333211,31321834,0,0,0,0,31321834,0.62643668,12.404992,67
372,node-1332,relay,0,275191,25867954,0,0,0,0,25867954,0.51735908,10.24224,67,378817,35608798,0,0,0,0,35608798,0.71217596,14.094736,67
373,node-1333,relay,0,275990,25943060,0,0,0,0,25943060,0.5188612,10.275328,67,317499,29844906,0,0,0,0,29844906,0.5968981200000001,11.818432,67
374,node-1334,relay,0,285109,26800246,0,0,0,0,26800246,0.53600492,10.61448,67,370222,34800868,0,0,0,0,34800868,0.69601736,13.788672,67
375,node-1335,relay,0,292129,27460126,0,0,0,0,27460126,0.54920252,10.879936,67,290909,27345446,0,0,0,0,27345446,0.54690892,10.829552,67
376,node-1336,relay,0,276063,25949922,0,0,0,0,25949922,0.5189984400000001,10.277584,67,369592,34741648,0,0,0,0,34741648,0.6948329599999999,13.75408,67
377,node-1337,relay,0,266823,25081362,0,0,0,0,25081362,0.5016272399999999,9.934672,67,387660,36440040,0,0,0,0,36440040,0.7288008,14.436896,67
378,node-1338,relay,0,275917,25936198,0,0,0,0,25936198,0.51872396,10.27232,67,360232,33861808,0,0,0,0,33861808,0.6772361600000001,13.411168,67
379,node-1339,relay,0,284764,26767816,0,0,0,0,26767816,0.53535632,10.600192,67,324916,30542104,0,0,0,0,30542104,0.61084208,12.093664,67
380,node-134,relay,0,240967,22650898,0,0,0,0,22650898,0.45301796000000005,8.972112,67,289926,27253044,0,0,0,0,27253044,0.54506088,10.803984,67
381,node-1340,relay,0,312424,29367856,0,0,0,0,29367856,0.58735712,11.632688,67,308351,28984994,0,0,0,0,28984994,0.5796998800000001,11.47552,67
382,node-1341,relay,0,258571,24305674,0,0,0,0,24305674,0.48611348,9.627104,67,289668,27228792,0,0,0,0,27228792,0.5445758399999999,10.782928,67
383,node-1342,relay,0,312034,29331196,0,0,0,0,29331196,0.58662392,11.6184,67,308503,28999282,0,0,0,0,28999282,0.57998564,11.488304,67
384,node-1343,relay,0,312047,29332418,0,0,0,0,29332418,0.58664836,11.617648,67,298668,28074792,0,0,0,0,28074792,0.56149584,11.124336,67
385,node-1344,relay,0,249523,23455162,0,0,0,0,23455162,0.46910324000000003,9.29096,67,369244,34708936,0,0,0,0,34708936,0.69417872,13.748816,67
386,node-1345,relay,0,319524,30035256,0,0,0,0,30035256,0.60070512,11.895888,67,342469,32192086,0,0,0,0,32192086,0.6438417200000001,12.745648,67
387,node-1346,relay,0,240967,22650898,0,0,0,0,22650898,0.45301796000000005,8.972112,67,334542,31446948,0,0,0,0,31446948,0.6289389599999999,12.450864,67
388,node-1347,relay,0,249935,23493890,0,0,0,0,23493890,0.4698778,9.306,67,289999,27259906,0,0,0,0,27259906,0.54519812,10.795712,67
389,node-1348,relay,0,276509,25991846,0,0,0,0,25991846,0.5198369199999999,10.295632,67,317352,29831088,0,0,0,0,29831088,0.59662176,11.81768,67
390,node-1349,relay,0,249956,23495864,0,0,0,0,23495864,0.46991728,9.306752,67,315844,29689336,0,0,0,0,29689336,0.59378672,11.759024,67
391,node-135,relay,0,1521296,143001824,0,0,0,0,143001824,2.8600364799999998,56.643648,67,323498,30408812,0,0,0,0,30408812,0.60817624,12.035008,67
392,node-1350,relay,0,257880,24240720,0,0,0,0,24240720,0.4848144,9.602288,67,340905,32045070,0,0,0,0,32045070,0.6409014000000001,12.695264,67
393,node-1351,relay,0,276218,25964492,0,0,0,0,25964492,0.51928984,10.28736,67,379051,35630794,0,0,0,0,35630794,0.71261588,14.115792,67
394,node-1352,relay,0,220764,20751816,0,0,0,0,20751816,0.41503632,8.2156,67,297530,27967820,0,0,0,0,27967820,0.5593564,11.078464,67
395,node-1353,relay,0,365105,34319870,0,0,0,0,34319870,0.6863974,13.594656,67,271849,25553806,0,0,0,0,25553806,0.51107612,10.124176,67
396,node-1354,relay,0,294048,27640512,0,0,0,0,27640512,0.55281024,10.948368,67,334039,31399666,0,0,0,0,31399666,0.62799332,12.440336,67
397,node-1355,relay,0,303479,28527026,0,0,0,0,28527026,0.57054052,11.299552,67,369583,34740802,0,0,0,0,34740802,0.6948160400000001,13.760096,67
398,node-1356,relay,0,285644,26850536,0,0,0,0,26850536,0.53701072,10.635536,67,369597,34742118,0,0,0,0,34742118,0.69484236,13.762352,67
399,node-1357,relay,0,320697,30145518,0,0,0,0,30145518,0.60291036,11.938752,67,368638,34651972,0,0,0,0,34651972,0.6930394400000001,13.728512,67
400,node-1358,relay,0,302112,28398528,0,0,0,0,28398528,0.56797056,11.244656,67,353568,33235392,0,0,0,0,33235392,0.6647078399999999,13.16752,67
401,node-1359,relay,0,276077,25951238,0,0,0,0,25951238,0.51902476,10.276832,67,272273,25593662,0,0,0,0,25593662,0.51187324,10.124928,67
402,node-136,relay,0,1541344,144886336,0,0,0,0,144886336,2.89772672,57.391136,67,345267,32455098,0,0,0,0,32455098,0.64910196,12.867472,67
403,node-1360,relay,0,230364,21654216,0,0,0,0,21654216,0.43308432,8.579568,67,326872,30725968,0,0,0,0,30725968,0.6145193600000001,12.16736,67
404,node-1361,relay,0,240186,22577484,0,0,0,0,22577484,0.45154967999999995,8.94128,67,353122,33193468,0,0,0,0,33193468,0.6638693600000001,13.147968,67
405,node-1362,relay,0,293656,27603664,0,0,0,0,27603664,0.55207328,10.93408,67,298737,28081278,0,0,0,0,28081278,0.56162556,11.117568,67
406,node-1363,relay,0,309895,29130130,0,0,0,0,29130130,0.5826026,11.537936,67,313926,29509044,0,0,0,0,29509044,0.59018088,11.692848,67
407,node-1364,relay,0,300357,28233558,0,0,0,0,28233558,0.56467116,11.185248,67,343175,32258450,0,0,0,0,32258450,0.6451690000000001,12.787008,67
408,node-1365,relay,0,264832,24894208,0,0,0,0,24894208,0.49788415999999996,9.85872,67,343611,32299434,0,0,0,0,32299434,0.64598868,12.79152,67
409,node-1366,relay,0,364402,34253788,0,0,0,0,34253788,0.68507576,13.56984,67,287472,27022368,0,0,0,0,27022368,0.54044736,10.698704,67
410,node-1367,relay,0,284431,26736514,0,0,0,0,26736514,0.53473028,10.591168,67,315367,29644498,0,0,0,0,29644498,0.5928899599999999,11.741728,67
411,node-1368,relay,0,302304,28416576,0,0,0,0,28416576,0.56833152,11.256688,67,376625,35402750,0,0,0,0,35402750,0.708055,14.031568,67
412,node-1369,relay,0,337787,31751978,0,0,0,0,31751978,0.6350395600000001,12.579456,67,334698,31461612,0,0,0,0,31461612,0.62923224,12.461392,67
413,node-137,relay,0,1566111,147214434,0,0,0,0,147214434,2.94428868,58.313088,67,303250,28505500,0,0,0,0,28505500,0.57011,11.292784,67
414,node-1370,relay,0,335786,31563884,0,0,0,0,31563884,0.6312776800000001,12.503504,67,317305,29826670,0,0,0,0,29826670,0.5965334,11.820688,67
415,node-1371,relay,0,355912,33455728,0,0,0,0,33455728,0.66911456,13.253248,67,289156,27180664,0,0,0,0,27180664,0.54361328,10.769392,67
416,node-1372,relay,0,309570,29099580,0,0,0,0,29099580,0.5819915999999999,11.531168,67,271874,25556156,0,0,0,0,25556156,0.51112312,10.130944,67
417,node-1373,relay,0,249398,23443412,0,0,0,0,23443412,0.46886824,9.288704,67,298887,28095378,0,0,0,0,28095378,0.56190756,11.117568,67
418,node-1374,relay,0,382447,35950018,0,0,0,0,35950018,0.71900036,14.236864,67,280647,26380818,0,0,0,0,26380818,0.52761636,10.4528,67
419,node-1375,relay,0,417788,39272072,0,0,0,0,39272072,0.78544144,15.55512,67,379574,35679956,0,0,0,0,35679956,0.7135991199999999,14.135344,67
420,node-1376,relay,0,470911,44265634,0,0,0,0,44265634,0.88531268,17.530624,67,335067,31496298,0,0,0,0,31496298,0.62992596,12.473424,67
421,node-1377,relay,0,506630,47623220,0,0,0,0,47623220,0.9524644000000001,18.860912,67,343563,32294922,0,0,0,0,32294922,0.64589844,12.792272,67
422,node-1378,relay,0,481369,45248686,0,0,0,0,45248686,0.90497372,17.920912,67,360813,33916422,0,0,0,0,33916422,0.6783284399999999,13.433728,67
423,node-1379,relay,0,452576,42542144,0,0,0,0,42542144,0.85084288,16.84856,67,352785,33161790,0,0,0,0,33161790,0.6632358,13.138192,67
424,node-138,relay,0,1484637,139555878,0,0,0,0,139555878,2.79111756,55.273504,67,358529,33701726,0,0,0,0,33701726,0.67403452,13.364544,67
425,node-1380,relay,0,541280,50880320,0,0,0,0,50880320,1.0176064,20.149088,67,245962,23120428,0,0,0,0,23120428,0.46240856,9.15936,67
426,node-1381,relay,0,497989,46810966,0,0,0,0,46810966,0.93621932,18.541312,67,272060,25573640,0,0,0,0,25573640,0.5114728000000001,10.12568,67
427,node-1382,relay,0,239301,22494294,0,0,0,0,22494294,0.44988588,8.90368,67,308556,29004264,0,0,0,0,29004264,0.58008528,11.487552,67
428,node-1383,relay,0,293344,27574336,0,0,0,0,27574336,0.55148672,10.91528,67,316639,29764066,0,0,0,0,29764066,0.59528132,11.781584,67
429,node-1384,relay,0,284877,26778438,0,0,0,0,26778438,0.53556876,10.608464,67,350762,32971628,0,0,0,0,32971628,0.6594325600000001,13.051712,67
430,node-1385,relay,0,249386,23442284,0,0,0,0,23442284,0.46884568000000004,9.286448,67,370376,34815344,0,0,0,0,34815344,0.6963068800000001,13.788672,67
431,node-1386,relay,0,276150,25958100,0,0,0,0,25958100,0.519162,10.281344,67,280362,26354028,0,0,0,0,26354028,0.52708056,10.443776,67
432,node-1387,relay,0,249061,23411734,0,0,0,0,23411734,0.46823467999999996,9.275168,67,299281,28132414,0,0,0,0,28132414,0.56264828,11.142384,67
433,node-1388,relay,0,240522,22609068,0,0,0,0,22609068,0.45218136000000003,8.95632,67,325506,30597564,0,0,0,0,30597564,0.61195128,12.11096,67
434,node-1389,relay,0,506526,47613444,0,0,0,0,47613444,0.95226888,18.857904,67,441565,41507110,0,0,0,0,41507110,0.8301421999999999,16.424432,67
435,node-139,relay,0,1566588,147259272,0,0,0,0,147259272,2.9451854400000004,58.329632,67,357985,33650590,0,0,0,0,33650590,0.6730118,13.353264,67
436,node-1390,relay,0,460234,43261996,0,0,0,0,43261996,0.86523992,17.136576,67,254850,23955900,0,0,0,0,23955900,0.479118,9.479712,67
437,node-1391,relay,0,532402,50045788,0,0,0,0,50045788,1.00091576,19.821216,67,316631,29763314,0,0,0,0,29763314,0.59526628,11.771056,67
438,node-1392,relay,0,533770,50174380,0,0,0,0,50174380,1.0034876,19.86408,67,270488,25425872,0,0,0,0,25425872,0.50851744,10.070032,67
439,node-1393,relay,0,523848,49241712,0,0,0,0,49241712,0.98483424,19.504624,67,288967,27162898,0,0,0,0,27162898,0.5432579599999999,10.756608,67
440,node-1394,relay,0,524669,49318886,0,0,0,0,49318886,0.98637772,19.52944,67,325830,30628020,0,0,0,0,30628020,0.6125604,12.121488,67
441,node-1395,relay,0,532653,50069382,0,0,0,0,50069382,1.00138764,19.827984,67,316646,29764724,0,0,0,0,29764724,0.5952944800000001,11.774816,67
442,node-1396,relay,0,515001,48410094,0,0,0,0,48410094,0.9682018800000001,19.169232,67,334260,31420440,0,0,0,0,31420440,0.6284088,12.444848,67
443,node-1397,relay,0,526104,49453776,0,0,0,0,49453776,0.98907552,19.582832,67,354437,33317078,0,0,0,0,33317078,0.66634156,13.220912,67
444,node-1398,relay,0,534551,50247794,0,0,0,0,50247794,1.00495588,19.89792,67,340924,32046856,0,0,0,0,32046856,0.6409371199999999,12.679472,67
445,node-1399,relay,0,302487,28433778,0,0,0,0,28433778,0.56867556,11.262704,67,404244,37998936,0,0,0,0,37998936,0.75997872,15.046016,67
446,node-14,relay,0,232102,21817588,0,0,0,0,21817588,0.43635176000000003,8.641984,67,276737,26013278,0,0,0,0,26013278,0.52026556,10.303904,67
447,node-140,relay,0,1602981,150680214,0,0,0,0,150680214,3.01360428,59.684736,67,349488,32851872,0,0,0,0,32851872,0.65703744,13.017872,67
448,node-1400,relay,0,310825,29217550,0,0,0,0,29217550,0.584351,11.570272,67,406641,38224254,0,0,0,0,38224254,0.76448508,15.137008,67
449,node-1401,relay,0,249571,23459674,0,0,0,0,23459674,0.46919348,9.292464,67,325603,30606682,0,0,0,0,30606682,0.61213364,12.12224,67
450,node-1402,relay,0,221594,20829836,0,0,0,0,20829836,0.41659672000000003,8.24944,67,370998,34873812,0,0,0,0,34873812,0.69747624,13.816496,67
451,node-1403,relay,0,276190,25961860,0,0,0,0,25961860,0.5192372000000001,10.2836,67,343839,32320866,0,0,0,0,32320866,0.6464173200000001,12.8028,67
452,node-1404,relay,0,248104,23321776,0,0,0,0,23321776,0.46643552,9.239824,67,290880,27342720,0,0,0,0,27342720,0.5468544,10.82504,67
453,node-1405,relay,0,293306,27570764,0,0,0,0,27570764,0.5514152800000001,10.922048,67,309111,29056434,0,0,0,0,29056434,0.58112868,11.502592,67
454,node-1406,relay,0,239957,22555958,0,0,0,0,22555958,0.45111916,8.932256,67,334992,31489248,0,0,0,0,31489248,0.62978496,12.477936,67
455,node-1407,relay,0,248695,23377330,0,0,0,0,23377330,0.46754660000000003,9.258624,67,281434,26454796,0,0,0,0,26454796,0.52909592,10.480624,67
456,node-1408,relay,0,267434,25138796,0,0,0,0,25138796,0.5027759199999999,9.95648,67,387670,36440980,0,0,0,0,36440980,0.7288196,14.435392,67
457,node-1409,relay,0,265840,24988960,0,0,0,0,24988960,0.4997792,9.890304,67,389160,36581040,0,0,0,0,36581040,0.7316208000000001,14.496304,67
458,node-141,relay,0,1530572,143873768,0,0,0,0,143873768,2.87747536,56.988064,67,280623,26378562,0,0,0,0,26378562,0.52757124,10.451296,67
459,node-1410,relay,0,409278,38472132,0,0,0,0,38472132,0.7694426400000001,15.244544,67,272427,25608138,0,0,0,0,25608138,0.51216276,10.142224,67
460,node-1411,relay,0,320252,30103688,0,0,0,0,30103688,0.60207376,11.928976,67,307211,28877834,0,0,0,0,28877834,0.57755668,11.446192,67
461,node-1412,relay,0,365273,34335662,0,0,0,0,34335662,0.68671324,13.600672,67,306453,28806582,0,0,0,0,28806582,0.57613164,11.413856,67
462,node-1413,relay,0,311355,29267370,0,0,0,0,29267370,0.5853474,11.593584,67,334155,31410570,0,0,0,0,31410570,0.6282114,12.447104,67
463,node-1414,relay,0,266682,25068108,0,0,0,0,25068108,0.50136216,9.931664,67,326615,30701810,0,0,0,0,30701810,0.6140361999999999,12.154576,67
464,node-1415,relay,0,248588,23367272,0,0,0,0,23367272,0.46734544,9.252608,67,335158,31504852,0,0,0,0,31504852,0.63009704,12.478688,67
465,node-1416,relay,0,248559,23364546,0,0,0,0,23364546,0.46729092,9.251856,67,314941,29604454,0,0,0,0,29604454,0.59208908,11.72368,67
466,node-1417,relay,0,239747,22536218,0,0,0,0,22536218,0.45072436000000005,8.92248,67,272622,25626468,0,0,0,0,25626468,0.5125293599999999,10.147488,67
467,node-1418,relay,0,257939,24246266,0,0,0,0,24246266,0.48492532,9.604544,67,298852,28092088,0,0,0,0,28092088,0.56184176,11.131104,67
468,node-1419,relay,0,240445,22601830,0,0,0,0,22601830,0.4520366,8.951808,67,317222,29818868,0,0,0,0,29818868,0.59637736,11.804144,67
469,node-142,relay,0,1628868,153113592,0,0,0,0,153113592,3.06227184,60.6488,67,320818,30156892,0,0,0,0,30156892,0.60313784,11.937248,67
470,node-1420,relay,0,257602,24214588,0,0,0,0,24214588,0.48429175999999996,9.592512,67,370802,34855388,0,0,0,0,34855388,0.69710776,13.804464,67
471,node-1421,relay,0,266948,25093112,0,0,0,0,25093112,0.50186224,9.942192,67,325725,30618150,0,0,0,0,30618150,0.612363,12.11096,67
472,node-1422,relay,0,240799,22635106,0,0,0,0,22635106,0.45270212,8.965344,67,352271,33113474,0,0,0,0,33113474,0.66226948,13.123152,67
473,node-1423,relay,0,267049,25102606,0,0,0,0,25102606,0.50205212,9.94144,67,281062,26419828,0,0,0,0,26419828,0.52839656,10.474608,67
474,node-1424,relay,0,285211,26809834,0,0,0,0,26809834,0.53619668,10.61824,67,389963,36656522,0,0,0,0,36656522,0.73313044,14.521872,67
475,node-1425,relay,0,240375,22595250,0,0,0,0,22595250,0.451905,8.951808,67,342103,32157682,0,0,0,0,32157682,0.64315364,12.7276,67
476,node-1426,relay,0,294275,27661850,0,0,0,0,27661850,0.553237,10.954384,67,335227,31511338,0,0,0,0,31511338,0.63022676,12.480944,67
477,node-1427,relay,0,283630,26661220,0,0,0,0,26661220,0.5332244,10.555824,67,228460,21475240,0,0,0,0,21475240,0.42950479999999996,8.504368,67
478,node-1428,relay,0,364743,34285842,0,0,0,0,34285842,0.68571684,13.579616,67,307551,28909794,0,0,0,0,28909794,0.57819588,11.446944,67
479,node-1429,relay,0,274521,25804974,0,0,0,0,25804974,0.51609948,10.218928,67,324596,30512024,0,0,0,0,30512024,0.61024048,12.09592,67
480,node-143,relay,0,294291,27663354,0,0,0,0,27663354,0.55326708,10.958144,67,321351,30206994,0,0,0,0,30206994,0.6041398800000001,11.965072,67
481,node-1430,relay,0,238701,22437894,0,0,0,0,22437894,0.44875788,8.887136,67,351002,32994188,0,0,0,0,32994188,0.65988376,13.069008,67
482,node-1431,relay,0,284113,26706622,0,0,0,0,26706622,0.53413244,10.578384,67,351042,32997948,0,0,0,0,32997948,0.65995896,13.059232,67
483,node-1432,relay,0,247479,23263026,0,0,0,0,23263026,0.46526052,9.210496,67,359517,33794598,0,0,0,0,33794598,0.67589196,13.39312,67
484,node-1433,relay,0,318935,29979890,0,0,0,0,29979890,0.5995978000000001,11.871072,67,309094,29054836,0,0,0,0,29054836,0.58109672,11.5056,67
485,node-1434,relay,0,248946,23400924,0,0,0,0,23400924,0.46801848,9.267648,67,289649,27227006,0,0,0,0,27227006,0.54454012,10.782928,67
486,node-1435,relay,0,266026,25006444,0,0,0,0,25006444,0.50012888,9.901584,67,298896,28096224,0,0,0,0,28096224,0.56192448,11.135616,67
487,node-1436,relay,0,256585,24118990,0,0,0,0,24118990,0.4823798,9.548144,67,264738,24885372,0,0,0,0,24885372,0.49770744,9.855712,67
488,node-1437,relay,0,256077,24071238,0,0,0,0,24071238,0.48142476,9.533104,67,290688,27324672,0,0,0,0,27324672,0.54649344,10.830304,67
489,node-1438,relay,0,266455,25046770,0,0,0,0,25046770,0.5009353999999999,9.916624,67,286250,26907500,0,0,0,0,26907500,0.53815,10.652832,67
490,node-1439,relay,0,275999,25943906,0,0,0,0,25943906,0.51887812,10.279088,67,299148,28119912,0,0,0,0,28119912,0.5623982399999999,11.134112,67
491,node-144,relay,0,267810,25174140,0,0,0,0,25174140,0.5034828,9.97152,67,276737,26013278,0,0,0,0,26013278,0.52026556,10.303904,67
492,node-1440,relay,0,222868,20949592,0,0,0,0,20949592,0.41899184,8.299072,67,405294,38097636,0,0,0,0,38097636,0.76195272,15.09264,67
493,node-1441,relay,0,320787,30153978,0,0,0,0,30153978,0.60307956,11.939504,67,299539,28156666,0,0,0,0,28156666,0.56313332,11.160432,67
494,node-1442,relay,0,276268,25969192,0,0,0,0,25969192,0.51938384,10.286608,67,414151,38930194,0,0,0,0,38930194,0.77860388,15.418256,67
495,node-1443,relay,0,302694,28453236,0,0,0,0,28453236,0.56906472,11.26872,67,343950,32331300,0,0,0,0,32331300,0.6466259999999999,12.807312,67
496,node-1444,relay,0,249356,23439464,0,0,0,0,23439464,0.46878928000000003,9.28344,67,343080,32249520,0,0,0,0,32249520,0.6449904,12.779488,67
497,node-1445,relay,0,294071,27642674,0,0,0,0,27642674,0.55285348,10.948368,67,361153,33948382,0,0,0,0,33948382,0.6789676400000001,13.452528,67
498,node-1446,relay,0,275356,25883464,0,0,0,0,25883464,0.51766928,10.246752,67,326235,30666090,0,0,0,0,30666090,0.6133218,12.149312,67
499,node-1447,relay,0,213541,20072854,0,0,0,0,20072854,0.40145707999999997,7.949392,67,325234,30571996,0,0,0,0,30571996,0.61143992,12.107952,67
500,node-1448,relay,0,390212,36679928,0,0,0,0,36679928,0.7335985599999999,14.5324,67,299223,28126962,0,0,0,0,28126962,0.56253924,11.13712,67
501,node-1449,relay,0,372313,34997422,0,0,0,0,34997422,0.69994844,13.860112,67,321366,30208404,0,0,0,0,30208404,0.60416808,11.965072,67
502,node-145,relay,0,266638,25063972,0,0,0,0,25063972,0.50127944,9.929408,67,321371,30208874,0,0,0,0,30208874,0.60417748,11.965824,67
503,node-1450,relay,0,354205,33295270,0,0,0,0,33295270,0.6659054000000001,13.18632,67,271411,25512634,0,0,0,0,25512634,0.51025268,10.113648,67
504,node-1451,relay,0,222076,20875144,0,0,0,0,20875144,0.41750287999999997,8.263728,67,397432,37358608,0,0,0,0,37358608,0.74717216,14.80312,67
505,node-1452,relay,0,275834,25928396,0,0,0,0,25928396,0.51856792,10.270064,67,334809,31472046,0,0,0,0,31472046,0.62944092,12.46816,67
506,node-1453,relay,0,283599,26658306,0,0,0,0,26658306,0.53316612,10.555824,67,298512,28060128,0,0,0,0,28060128,0.56120256,11.113056,67
507,node-1454,relay,0,275326,25880644,0,0,0,0,25880644,0.51761288,10.249008,67,291192,27372048,0,0,0,0,27372048,0.54744096,10.810752,67
508,node-1455,relay,0,265514,24958316,0,0,0,0,24958316,0.49916632,9.88128,67,343540,32292760,0,0,0,0,32292760,0.6458552000000001,12.784752,67
509,node-1456,relay,0,320776,30152944,0,0,0,0,30152944,0.6030588800000001,11.943264,67,325919,30636386,0,0,0,0,30636386,0.6127277200000001,12.132768,67
510,node-1457,relay,0,248638,23371972,0,0,0,0,23371972,0.46743944,9.25712,67,259662,24408228,0,0,0,0,24408228,0.48816456,9.663952,67
511,node-1458,relay,0,239622,22524468,0,0,0,0,22524468,0.45048935999999995,8.923984,67,290448,27302112,0,0,0,0,27302112,0.54604224,10.812256,67
512,node-1459,relay,0,284057,26701358,0,0,0,0,26701358,0.53402716,10.570112,67,326499,30690906,0,0,0,0,30690906,0.6138181199999999,12.153824,67
513,node-146,relay,0,232102,21817588,0,0,0,0,21817588,0.43635176000000003,8.641984,67,339206,31885364,0,0,0,0,31885364,0.63770728,12.62984,67
514,node-1460,relay,0,275316,25879704,0,0,0,0,25879704,0.51759408,10.249008,67,290977,27351838,0,0,0,0,27351838,0.54703676,10.826544,67
515,node-1461,relay,0,293184,27559296,0,0,0,0,27559296,0.55118592,10.916032,67,362417,34067198,0,0,0,0,34067198,0.68134396,13.493136,67
516,node-1462,relay,0,249952,23495488,0,0,0,0,23495488,0.46990976,9.306,67,276715,26011210,0,0,0,0,26011210,0.5202241999999999,10.303152,67
517,node-1463,relay,0,222752,20938688,0,0,0,0,20938688,0.41877376,8.293808,67,312380,29363720,0,0,0,0,29363720,0.5872744,11.631184,67
518,node-1464,relay,0,240754,22630876,0,0,0,0,22630876,0.45261752,8.964592,67,312424,29367856,0,0,0,0,29367856,0.58735712,11.632688,67
519,node-1465,relay,0,258883,24335002,0,0,0,0,24335002,0.48670004,9.639136,67,276737,26013278,0,0,0,0,26013278,0.52026556,10.303904,67
520,node-1466,relay,0,276737,26013278,0,0,0,0,26013278,0.52026556,10.303904,67,330299,31048106,0,0,0,0,31048106,0.6209621200000001,12.298208,67
521,node-1467,relay,0,258883,24335002,0,0,0,0,24335002,0.48670004,9.639136,67,321292,30201448,0,0,0,0,30201448,0.60402896,11.962816,67
522,node-1468,relay,0,258862,24333028,0,0,0,0,24333028,0.48666055999999996,9.638384,67,321351,30206994,0,0,0,0,30206994,0.6041398800000001,11.965072,67
523,node-1469,relay,0,267623,25156562,0,0,0,0,25156562,0.50313124,9.964752,67,348133,32724502,0,0,0,0,32724502,0.65449004,12.962224,67
524,node-147,relay,0,258863,24333122,0,0,0,0,24333122,0.48666244,9.638384,67,329593,30981742,0,0,0,0,30981742,0.61963484,12.271888,67
525,node-1470,relay,0,276737,26013278,0,0,0,0,26013278,0.52026556,10.303904,67,321372,30208968,0,0,0,0,30208968,0.6041793599999999,11.965824,67
526,node-1471,relay,0,267810,25174140,0,0,0,0,25174140,0.5034828,9.97152,67,294591,27691554,0,0,0,0,27691554,0.55383108,10.968672,67
527,node-1472,relay,0,276189,25961766,0,0,0,0,25961766,0.5192353200000001,10.284352,67,312445,29369830,0,0,0,0,29369830,0.5873966,11.606368,67
528,node-1473,relay,0,230684,21684296,0,0,0,0,21684296,0.43368592,8.590096,67,303357,28515558,0,0,0,0,28515558,0.5703111599999999,11.29504,67
529,node-1474,relay,0,240456,22602864,0,0,0,0,22602864,0.45205728,8.951808,67,339198,31884612,0,0,0,0,31884612,0.63769224,12.629088,67
530,node-1475,relay,0,231604,21770776,0,0,0,0,21770776,0.43541552000000006,8.623936,67,312445,29369830,0,0,0,0,29369830,0.5873966,11.631936,67
531,node-1476,relay,0,232102,21817588,0,0,0,0,21817588,0.43635176000000003,8.641984,67,348153,32726382,0,0,0,0,32726382,0.65452764,12.962976,67
532,node-1477,relay,0,232102,21817588,0,0,0,0,21817588,0.43635176000000003,8.641984,67,249956,23495864,0,0,0,0,23495864,0.46991728,9.306752,67
533,node-1478,relay,0,248698,23377612,0,0,0,0,23377612,0.46755224,9.25712,67,276657,26005758,0,0,0,0,26005758,0.52011516,10.300896,67
534,node-1479,relay,0,249405,23444070,0,0,0,0,23444070,0.4688814,9.287952,67,294571,27689674,0,0,0,0,27689674,0.55379348,10.96792,67
535,node-148,relay,0,267623,25156562,0,0,0,0,25156562,0.50313124,9.964752,67,294434,27676796,0,0,0,0,27676796,0.55353592,10.962656,67
536,node-1480,relay,0,276716,26011304,0,0,0,0,26011304,0.52022608,10.303152,67,321372,30208968,0,0,0,0,30208968,0.6041793599999999,11.965824,67
537,node-1481,relay,0,294591,27691554,0,0,0,0,27691554,0.55383108,10.968672,67,294591,27691554,0,0,0,0,27691554,0.55383108,10.968672,67
538,node-1482,relay,0,303364,28516216,0,0,0,0,28516216,0.57032432,11.295792,67,321338,30205772,0,0,0,0,30205772,0.60411544,11.96432,67
539,node-1483,relay,0,258842,24331148,0,0,0,0,24331148,0.48662296,9.637632,67,348153,32726382,0,0,0,0,32726382,0.65452764,12.962976,67
540,node-1484,relay,0,241029,22656726,0,0,0,0,22656726,0.45313452,8.974368,67,303518,28530692,0,0,0,0,28530692,0.5706138399999999,11.301056,67
541,node-1485,relay,0,249211,23425834,0,0,0,0,23425834,0.46851667999999996,9.278928,67,339083,31873802,0,0,0,0,31873802,0.63747604,12.625328,67
542,node-1486,relay,0,223154,20976476,0,0,0,0,20976476,0.41952952000000004,8.308848,67,258883,24335002,0,0,0,0,24335002,0.48670004,9.639136,67
543,node-1487,relay,0,240086,22568084,0,0,0,0,22568084,0.45136168,8.938272,67,258883,24335002,0,0,0,0,24335002,0.48670004,9.639136,67
544,node-1488,relay,0,258446,24293924,0,0,0,0,24293924,0.48587848,9.62184,67,312445,29369830,0,0,0,0,29369830,0.5873966,11.63344,67
545,node-1489,relay,0,213739,20091466,0,0,0,0,20091466,0.40182932,7.959168,67,348149,32726006,0,0,0,0,32726006,0.6545201199999999,12.962224,67
546,node-149,relay,0,267555,25150170,0,0,0,0,25150170,0.5030034,9.962496,67,329932,31013608,0,0,0,0,31013608,0.6202721600000001,12.285424,67
547,node-1490,relay,0,321285,30200790,0,0,0,0,30200790,0.6040158,11.962816,67,366007,34404658,0,0,0,0,34404658,0.68809316,13.627744,67
548,node-1491,relay,0,205301,19298294,0,0,0,0,19298294,0.38596588,7.64408,67,339226,31887244,0,0,0,0,31887244,0.63774488,12.630592,67
549,node-1492,relay,0,285404,26827976,0,0,0,0,26827976,0.53655952,10.626512,67,258843,24331242,0,0,0,0,24331242,0.48662484,9.637632,67
550,node-1493,relay,0,258883,24335002,0,0,0,0,24335002,0.48670004,9.639136,67,338989,31864966,0,0,0,0,31864966,0.63729932,12.62232,67
551,node-1494,relay,0,285602,26846588,0,0,0,0,26846588,0.53693176,10.634032,67,357055,33563170,0,0,0,0,33563170,0.6712634,13.294608,67
552,node-1495,relay,0,214248,20139312,0,0,0,0,20139312,0.40278624,7.977216,67,294591,27691554,0,0,0,0,27691554,0.55383108,10.968672,67
553,node-1496,relay,0,276666,26006604,0,0,0,0,26006604,0.52013208,10.300896,67,294528,27685632,0,0,0,0,27685632,0.55371264,10.966416,67
554,node-1497,relay,0,249956,23495864,0,0,0,0,23495864,0.46991728,9.306752,67,303518,28530692,0,0,0,0,28530692,0.5706138399999999,11.301056,67
555,node-1498,relay,0,294337,27667678,0,0,0,0,27667678,0.55335356,10.959648,67,285576,26844144,0,0,0,0,26844144,0.53688288,10.632528,67
556,node-1499,relay,0,241003,22654282,0,0,0,0,22654282,0.45308563999999996,8.973616,67,330299,31048106,0,0,0,0,31048106,0.6209621200000001,12.298208,67
557,node-15,relay,0,257684,24222296,0,0,0,0,24222296,0.48444592,9.597024,67,338930,31859420,0,0,0,0,31859420,0.6371884,12.620064,67
558,node-150,relay,0,249928,23493232,0,0,0,0,23493232,0.46986464,9.305248,67,347464,32661616,0,0,0,0,32661616,0.6532323200000001,12.937408,67
559,node-151,relay,0,284391,26732754,0,0,0,0,26732754,0.53465508,10.591168,67,338185,31789390,0,0,0,0,31789390,0.6357878,12.585472,67
560,node-152,relay,0,303518,28530692,0,0,0,0,28530692,0.5706138399999999,11.301056,67,339038,31869572,0,0,0,0,31869572,0.63739144,12.623824,67
561,node-153,relay,0,276639,26004066,0,0,0,0,26004066,0.5200813200000001,10.300144,67,409328,38476832,0,0,0,0,38476832,0.76953664,15.240784,67
562,node-154,relay,0,222851,20947994,0,0,0,0,20947994,0.41895988,8.297568,67,356704,33530176,0,0,0,0,33530176,0.6706035199999999,13.281072,67
563,node-155,relay,0,276737,26013278,0,0,0,0,26013278,0.52026556,10.303904,67,276737,26013278,0,0,0,0,26013278,0.52026556,10.303904,67
564,node-156,relay,0,294591,27691554,0,0,0,0,27691554,0.55383108,10.968672,67,392788,36922072,0,0,0,0,36922072,0.73844144,14.624896,67
565,node-157,relay,0,285664,26852416,0,0,0,0,26852416,0.53704832,10.636288,67,321372,30208968,0,0,0,0,30208968,0.6041793599999999,11.965824,67
566,node-158,relay,0,294518,27684692,0,0,0,0,27684692,0.55369384,10.966416,67,436925,41070950,0,0,0,0,41070950,0.8214190000000001,16.267264,67
567,node-159,relay,0,320934,30167796,0,0,0,0,30167796,0.6033559199999999,11.948528,67,276717,26011398,0,0,0,0,26011398,0.52022796,10.303152,67
568,node-16,relay,0,294528,27685632,0,0,0,0,27685632,0.55371264,10.966416,67,294493,27682342,0,0,0,0,27682342,0.55364684,10.965664,67
569,node-160,relay,0,285664,26852416,0,0,0,0,26852416,0.53704832,10.636288,67,303518,28530692,0,0,0,0,28530692,0.5706138399999999,11.301056,67
570,node-161,relay,0,276737,26013278,0,0,0,0,26013278,0.52026556,10.303904,67,285664,26852416,0,0,0,0,26852416,0.53704832,10.636288,67
571,node-162,relay,0,303518,28530692,0,0,0,0,28530692,0.5706138399999999,11.301056,67,321372,30208968,0,0,0,0,30208968,0.6041793599999999,11.965824,67
572,node-163,relay,0,285664,26852416,0,0,0,0,26852416,0.53704832,10.636288,67,267810,25174140,0,0,0,0,25174140,0.5034828,9.97152,67
573,node-164,relay,0,276664,26006416,0,0,0,0,26006416,0.52012832,10.300896,67,365272,34335568,0,0,0,0,34335568,0.68671136,13.59992,67
574,node-165,relay,0,276403,25981882,0,0,0,0,25981882,0.51963764,10.291872,67,303223,28502962,0,0,0,0,28502962,0.57005924,11.289024,67
575,node-166,BP,53764394,8948,841112,0,0,0,0,841112,0.01682224,0.333136,67,17091,1606554,0,0,0,0,1606554,0.03213108,0.636944,71
576,node-167,BP,66060470,8948,841112,0,0,0,0,841112,0.01682224,0.333136,67,16797,1578918,0,0,0,0,1578918,0.03157836,0.623408,71
577,node-168,BP,66036506,8948,841112,0,0,0,0,841112,0.01682224,0.333136,67,17404,1635976,0,0,0,0,1635976,0.03271952,0.648976,67
578,node-169,BP,65613741,8947,841018,0,0,0,0,841018,0.01682036,0.333136,67,17342,1630148,0,0,0,0,1630148,0.03260296,0.645968,67
579,node-17,BP,18045524,8948,841112,0,0,0,0,841112,0.01682224,0.333136,67,17108,1608152,0,0,0,0,1608152,0.032163040000000004,0.633936,71
580,node-170,BP,65458144,8948,841112,0,0,0,0,841112,0.01682224,0.333136,67,17239,1620466,0,0,0,0,1620466,0.03240932,0.6392,67
581,node-171,BP,65110986,8948,841112,0,0,0,0,841112,0.01682224,0.333136,67,16719,1571586,0,0,0,0,1571586,0.031431719999999996,0.621904,67
582,node-172,BP,64942313,8947,841018,0,0,0,0,841018,0.01682036,0.333136,67,16264,1528816,0,0,0,0,1528816,0.03057632,0.615136,71
583,node-173,BP,64927903,8948,841112,0,0,0,0,841112,0.01682224,0.333136,67,16202,1522988,0,0,0,0,1522988,0.03045976,0.602352,71
584,node-174,BP,64363981,8948,841112,0,0,0,0,841112,0.01682224,0.333136,67,16197,1522518,0,0,0,0,1522518,0.03045036,0.602352,67
585,node-175,BP,64328656,8948,841112,0,0,0,0,841112,0.01682224,0.333136,67,16842,1583148,0,0,0,0,1583148,0.03166296,0.623408,67
586,node-176,BP,64328597,8947,841018,0,0,0,0,841018,0.01682036,0.333136,67,16067,1510298,0,0,0,0,1510298,0.030205959999999997,0.600848,71
587,node-177,BP,64175792,8948,841112,0,0,0,0,841112,0.01682224,0.333136,67,16013,1505222,0,0,0,0,1505222,0.03010444,0.595584,67
588,node-178,BP,63905850,8948,841112,0,0,0,0,841112,0.01682224,0.333136,67,16144,1517536,0,0,0,0,1517536,0.03035072,0.597088,67
589,node-179,BP,63893414,8947,841018,0,0,0,0,841018,0.01682036,0.333136,67,15971,1501274,0,0,0,0,1501274,0.03002548,0.59408,71
590,node-18,BP,17946065,8948,841112,0,0,0,0,841112,0.01682224,0.333136,67,17355,1631370,0,0,0,0,1631370,0.0326274,0.645968,67
591,node-180,BP,53608246,8948,841112,0,0,0,0,841112,0.01682224,0.333136,67,17046,1602324,0,0,0,0,1602324,0.03204648,0.630928,67
592,node-181,BP,53551213,8947,841018,0,0,0,0,841018,0.01682036,0.333136,67,16887,1587378,0,0,0,0,1587378,0.03174756,0.626416,67
593,node-182,BP,70054320,8948,841112,0,0,0,0,841112,0.01682224,0.333136,67,17392,1634848,0,0,0,0,1634848,0.032696960000000004,0.64672,67
594,node-183,BP,70046506,8947,841018,0,0,0,0,841018,0.01682036,0.333136,67,17099,1607306,0,0,0,0,1607306,0.03214612,0.63544,67
595,node-184,BP,70042709,8948,841112,0,0,0,0,841112,0.01682224,0.333136,67,17383,1634002,0,0,0,0,1634002,0.03268004,0.647472,67
596,node-185,BP,70038079,8948,841112,0,0,0,0,841112,0.01682224,0.333136,67,17028,1600632,0,0,0,0,1600632,0.03201264,0.634688,67
597,node-186,BP,70037796,8942,840548,0,0,0,0,840548,0.01681096,0.333136,67,16486,1549684,0,0,0,0,1549684,0.030993680000000003,0.612128,67
598,node-187,BP,53533245,8948,841112,0,0,0,0,841112,0.01682224,0.333136,67,17001,1598094,0,0,0,0,1598094,0.03196188,0.634688,67
599,node-188,relay,0,258096,24261024,0,0,0,0,24261024,0.48522047999999995,9.609056,67,370759,34851346,0,0,0,0,34851346,0.69702692,13.803712,67
600,node-189,relay,0,330033,31023102,0,0,0,0,31023102,0.62046204,12.289184,67,387039,36381666,0,0,0,0,36381666,0.72763332,14.41208,67
601,node-19,relay,0,294136,27648784,0,0,0,0,27648784,0.55297568,10.951376,67,368876,34674344,0,0,0,0,34674344,0.6934868799999999,13.73528,67
602,node-190,relay,0,276298,25972012,0,0,0,0,25972012,0.51944024,10.288112,67,281037,26417478,0,0,0,0,26417478,0.52834956,10.463328,67
603,node-191,relay,0,294406,27674164,0,0,0,0,27674164,0.55348328,10.961904,67,326097,30653118,0,0,0,0,30653118,0.61306236,12.143296,67
604,node-192,relay,0,267767,25170098,0,0,0,0,25170098,0.50340196,9.970016,67,352629,33147126,0,0,0,0,33147126,0.66294252,13.140448,67
605,node-193,relay,0,231059,21719546,0,0,0,0,21719546,0.43439092,8.60288,67,271406,25512164,0,0,0,0,25512164,0.51024328,10.103872,67
606,node-194,relay,0,338359,31805746,0,0,0,0,31805746,0.63611492,12.59976,67,325515,30598410,0,0,0,0,30598410,0.6119682000000001,12.116224,67
607,node-195,relay,0,267271,25123474,0,0,0,0,25123474,0.50246948,9.951968,67,342481,32193214,0,0,0,0,32193214,0.64386428,12.75016,67
608,node-196,relay,0,310749,29210406,0,0,0,0,29210406,0.58420812,11.567264,67,307834,28936396,0,0,0,0,28936396,0.57872792,11.464992,67
609,node-197,relay,0,285127,26801938,0,0,0,0,26801938,0.53603876,10.615232,67,369835,34764490,0,0,0,0,34764490,0.6952898000000001,13.768368,67
610,node-198,relay,0,265814,24986516,0,0,0,0,24986516,0.49973032000000006,9.894064,67,325435,30590890,0,0,0,0,30590890,0.6118178000000001,12.113216,67
611,node-199,relay,0,284235,26718090,0,0,0,0,26718090,0.5343618,10.583648,67,326013,30645222,0,0,0,0,30645222,0.61290444,12.138032,67
612,node-2,BP,70034394,8927,839138,0,0,0,0,839138,0.01678276,0.332384,67,17393,1634942,0,0,0,0,1634942,0.03269884,0.648976,67
613,node-20,relay,0,285076,26797144,0,0,0,0,26797144,0.53594288,10.615984,67,377494,35484436,0,0,0,0,35484436,0.70968872,14.05864,67
614,node-200,relay,0,266690,25068860,0,0,0,0,25068860,0.5013772,9.927152,67,289918,27252292,0,0,0,0,27252292,0.54504584,10.791952,67
615,node-201,relay,0,329829,31003926,0,0,0,0,31003926,0.62007852,12.280912,67,288633,27131502,0,0,0,0,27131502,0.54263004,10.750592,67
616,node-202,relay,0,321286,30200884,0,0,0,0,30200884,0.60401768,11.962816,67,352773,33160662,0,0,0,0,33160662,0.66321324,13.136688,67
617,node-203,relay,0,232082,21815708,0,0,0,0,21815708,0.43631416,8.641232,67,280989,26412966,0,0,0,0,26412966,0.52825932,10.455056,67
618,node-204,relay,0,285126,26801844,0,0,0,0,26801844,0.5360368799999999,10.615984,67,298454,28054676,0,0,0,0,28054676,0.56109352,11.116816,67
619,node-205,relay,0,284913,26781822,0,0,0,0,26781822,0.53563644,10.609216,67,343790,32316260,0,0,0,0,32316260,0.6463252,12.803552,67
620,node-206,relay,0,285622,26848468,0,0,0,0,26848468,0.5369693600000001,10.634784,67,334340,31427960,0,0,0,0,31427960,0.6285592,12.442592,67
621,node-207,relay,0,329925,31012950,0,0,0,0,31012950,0.620259,12.284672,67,386085,36291990,0,0,0,0,36291990,0.7258397999999999,14.372976,67
622,node-208,relay,0,267524,25147256,0,0,0,0,25147256,0.50294512,9.960992,67,298522,28061068,0,0,0,0,28061068,0.56122136,11.093504,67
623,node-209,relay,0,275878,25932532,0,0,0,0,25932532,0.5186506399999999,10.27232,67,405538,38120572,0,0,0,0,38120572,0.76241144,15.104672,67
624,node-21,relay,0,960273,90265662,0,0,0,0,90265662,1.80531324,35.750832,67,341953,32143582,0,0,0,0,32143582,0.6428716400000001,12.732112,67
625,node-210,relay,0,240267,22585098,0,0,0,0,22585098,0.45170195999999996,8.943536,67,307588,28913272,0,0,0,0,28913272,0.57826544,11.453712,67
626,node-211,relay,0,915480,86055120,0,0,0,0,86055120,1.7211024000000001,34.087408,67,313314,29451516,0,0,0,0,29451516,0.58903032,11.668784,67
627,node-212,relay,0,961257,90358158,0,0,0,0,90358158,1.80716316,35.789184,67,333862,31383028,0,0,0,0,31383028,0.62766056,12.432816,67
628,node-213,relay,0,943780,88715320,0,0,0,0,88715320,1.7743064000000002,35.141712,67,314042,29519948,0,0,0,0,29519948,0.59039896,11.692096,67
629,node-214,relay,0,924906,86941164,0,0,0,0,86941164,1.73882328,34.434832,67,348446,32753924,0,0,0,0,32753924,0.6550784799999999,12.962224,67
630,node-215,relay,0,256227,24085338,0,0,0,0,24085338,0.48170676,9.540624,67,289274,27191756,0,0,0,0,27191756,0.54383512,10.773904,67
631,node-216,relay,0,258025,24254350,0,0,0,0,24254350,0.485087,9.606048,67,271934,25561796,0,0,0,0,25561796,0.5112359200000001,10.12944,67
632,node-217,relay,0,319894,30070036,0,0,0,0,30070036,0.60140072,11.90792,67,308780,29025320,0,0,0,0,29025320,0.5805064,11.498832,67
633,node-218,relay,0,222631,20927314,0,0,0,0,20927314,0.41854628,8.2908,67,352238,33110372,0,0,0,0,33110372,0.66220744,13.112624,67
634,node-219,relay,0,267269,25123286,0,0,0,0,25123286,0.50246572,9.94896,67,344212,32355928,0,0,0,0,32355928,0.64711856,12.81784,67
635,node-22,relay,0,906261,85188534,0,0,0,0,85188534,1.70377068,33.744496,67,374756,35227064,0,0,0,0,35227064,0.7045412799999999,13.954864,67
636,node-220,relay,0,294028,27638632,0,0,0,0,27638632,0.55277264,10.944608,67,343335,32273490,0,0,0,0,32273490,0.6454698000000001,12.78776,67
637,node-221,relay,0,320940,30168360,0,0,0,0,30168360,0.6033672,11.948528,67,352212,33107928,0,0,0,0,33107928,0.6621585600000001,13.11488,67
638,node-222,relay,0,284541,26746854,0,0,0,0,26746854,0.53493708,10.593424,67,298448,28054112,0,0,0,0,28054112,0.56108224,11.11456,67
639,node-223,relay,0,302084,28395896,0,0,0,0,28395896,0.56791792,11.243152,67,318348,29924712,0,0,0,0,29924712,0.59849424,11.849264,67
640,node-224,relay,0,284857,26776558,0,0,0,0,26776558,0.53553116,10.602448,67,307758,28929252,0,0,0,0,28929252,0.57858504,11.457472,67
641,node-225,relay,0,284376,26731344,0,0,0,0,26731344,0.53462688,10.586656,67,317080,29805520,0,0,0,0,29805520,0.5961104,11.813168,67
642,node-226,relay,0,293408,27580352,0,0,0,0,27580352,0.55160704,10.924304,67,334917,31482198,0,0,0,0,31482198,0.62964396,12.466656,67
643,node-227,relay,0,284027,26698538,0,0,0,0,26698538,0.53397076,10.573872,67,352416,33127104,0,0,0,0,33127104,0.66254208,13.11864,67
644,node-228,relay,0,1158413,108890822,0,0,0,0,108890822,2.17781644,43.133216,67,375706,35316364,0,0,0,0,35316364,0.70632728,14.005248,67
645,node-229,relay,0,284859,26776746,0,0,0,0,26776746,0.53553492,10.60696,67,388519,36520786,0,0,0,0,36520786,0.73041572,14.46848,67
646,node-23,BP,18321269,8948,841112,0,0,0,0,841112,0.01682224,0.333136,67,17485,1643590,0,0,0,0,1643590,0.0328718,0.65048,67
647,node-230,relay,0,284245,26719030,0,0,0,0,26719030,0.5343806,10.582144,67,246010,23124940,0,0,0,0,23124940,0.4624988,9.153344,67
648,node-231,relay,0,329079,30933426,0,0,0,0,30933426,0.61866852,12.25384,67,281004,26414376,0,0,0,0,26414376,0.52828752,10.459568,67
649,node-232,relay,0,232102,21817588,0,0,0,0,21817588,0.43635176000000003,8.641984,67,339226,31887244,0,0,0,0,31887244,0.63774488,12.630592,67
650,node-233,relay,0,267314,25127516,0,0,0,0,25127516,0.50255032,9.951968,67,303518,28530692,0,0,0,0,28530692,0.5706138399999999,11.301056,67
651,node-234,relay,0,285477,26834838,0,0,0,0,26834838,0.53669676,10.62952,67,419086,39394084,0,0,0,0,39394084,0.78788168,15.604752,67
652,node-235,relay,0,240544,22611136,0,0,0,0,22611136,0.45222271999999997,8.955568,67,330177,31036638,0,0,0,0,31036638,0.62073276,12.293696,67
653,node-236,relay,0,294591,27691554,0,0,0,0,27691554,0.55383108,10.968672,67,330299,31048106,0,0,0,0,31048106,0.6209621200000001,12.298208,67
654,node-237,relay,0,204816,19252704,0,0,0,0,19252704,0.38505408,7.62528,67,321134,30186596,0,0,0,0,30186596,0.60373192,11.9568,67
655,node-238,relay,0,241029,22656726,0,0,0,0,22656726,0.45313452,8.974368,67,285664,26852416,0,0,0,0,26852416,0.53704832,10.636288,67
656,node-239,relay,0,249853,23486182,0,0,0,0,23486182,0.46972364,9.302992,67,356999,33557906,0,0,0,0,33557906,0.6711581200000001,13.292352,67
657,node-24,relay,0,285307,26818858,0,0,0,0,26818858,0.53637716,10.622752,67,370531,34829914,0,0,0,0,34829914,0.69659828,13.798448,67
658,node-240,relay,0,276737,26013278,0,0,0,0,26013278,0.52026556,10.303904,67,294591,27691554,0,0,0,0,27691554,0.55383108,10.968672,67
659,node-241,relay,0,248699,23377706,0,0,0,0,23377706,0.46755412,9.259376,67,294426,27676044,0,0,0,0,27676044,0.55352088,10.962656,67
660,node-242,relay,0,249956,23495864,0,0,0,0,23495864,0.46991728,9.306752,67,357080,33565520,0,0,0,0,33565520,0.6713104,13.29536,67
661,node-243,relay,0,276633,26003502,0,0,0,0,26003502,0.52007004,10.300144,67,276717,26011398,0,0,0,0,26011398,0.52022796,10.303152,67
662,node-244,relay,0,294591,27691554,0,0,0,0,27691554,0.55383108,10.968672,67,294591,27691554,0,0,0,0,27691554,0.55383108,10.968672,67
663,node-245,relay,0,294506,27683564,0,0,0,0,27683564,0.55367128,10.96416,67,356277,33490038,0,0,0,0,33490038,0.66980076,13.266784,67
664,node-246,BP,37777871,8948,841112,0,0,0,0,841112,0.01682224,0.333136,67,17246,1621124,0,0,0,0,1621124,0.032422480000000004,0.641456,67
665,node-247,BP,37648361,8948,841112,0,0,0,0,841112,0.01682224,0.333136,67,17273,1623662,0,0,0,0,1623662,0.03247324,0.643712,67
666,node-248,BP,37595272,8948,841112,0,0,0,0,841112,0.01682224,0.333136,67,17008,1598752,0,0,0,0,1598752,0.031975039999999996,0.632432,67
667,node-249,BP,37524165,8948,841112,0,0,0,0,841112,0.01682224,0.333136,67,16868,1585592,0,0,0,0,1585592,0.03171184,0.625664,67
668,node-25,relay,0,559813,52622422,0,0,0,0,52622422,1.05244844,20.846192,67,367269,34523286,0,0,0,0,34523286,0.69046572,13.674368,67
669,node-250,BP,37192346,8948,841112,0,0,0,0,841112,0.01682224,0.333136,67,17047,1602418,0,0,0,0,1602418,0.03204836,0.63168,71
670,node-251,BP,37148853,8948,841112,0,0,0,0,841112,0.01682224,0.333136,67,16737,1573278,0,0,0,0,1573278,0.03146556,0.621152,67
671,node-252,BP,37119189,8948,841112,0,0,0,0,841112,0.01682224,0.333136,67,16736,1573184,0,0,0,0,1573184,0.03146368,0.6204,67
672,node-253,BP,36804183,8948,841112,0,0,0,0,841112,0.01682224,0.333136,67,16974,1595556,0,0,0,0,1595556,0.03191112,0.632432,67
673,node-254,BP,36776039,8948,841112,0,0,0,0,841112,0.01682224,0.333136,67,16752,1574688,0,0,0,0,1574688,0.03149376,0.625664,67
674,node-255,BP,36366695,8948,841112,0,0,0,0,841112,0.01682224,0.333136,67,17576,1652144,0,0,0,0,1652144,0.033042880000000004,0.65424,67
675,node-256,BP,36364496,8947,841018,0,0,0,0,841018,0.01682036,0.333136,67,17193,1616142,0,0,0,0,1616142,0.03232284,0.638448,71
676,node-257,BP,36323167,8948,841112,0,0,0,0,841112,0.01682224,0.333136,67,17081,1605614,0,0,0,0,1605614,0.03211228,0.636192,71
677,node-258,BP,36191962,8948,841112,0,0,0,0,841112,0.01682224,0.333136,67,16969,1595086,0,0,0,0,1595086,0.03190172,0.63168,67
678,node-259,BP,36137391,8947,841018,0,0,0,0,841018,0.01682036,0.333136,67,17012,1599128,0,0,0,0,1599128,0.03198256,0.630928,67
679,node-26,BP,59305504,8948,841112,0,0,0,0,841112,0.01682224,0.333136,67,16971,1595274,0,0,0,0,1595274,0.03190548,0.632432,67
680,node-260,BP,36123335,8947,841018,0,0,0,0,841018,0.01682036,0.333136,67,16795,1578730,0,0,0,0,1578730,0.0315746,0.626416,67
681,node-261,BP,36066079,8947,841018,0,0,0,0,841018,0.01682036,0.333136,67,16914,1589916,0,0,0,0,1589916,0.031798320000000005,0.62792,67
682,node-262,BP,35697248,8948,841112,0,0,0,0,841112,0.01682224,0.333136,67,16896,1588224,0,0,0,0,1588224,0.031764480000000005,0.627168,67
683,node-263,BP,35632624,8948,841112,0,0,0,0,841112,0.01682224,0.333136,67,17184,1615296,0,0,0,0,1615296,0.03230592,0.637696,67
684,node-264,BP,35587105,8948,841112,0,0,0,0,841112,0.01682224,0.333136,67,16816,1580704,0,0,0,0,1580704,0.03161408,0.62416,67
685,node-265,BP,35516110,8948,841112,0,0,0,0,841112,0.01682224,0.333136,67,17416,1637104,0,0,0,0,1637104,0.03274208,0.64672,67
686,node-266,BP,35511705,8948,841112,0,0,0,0,841112,0.01682224,0.333136,67,17139,1611066,0,0,0,0,1611066,0.032221320000000005,0.63544,67
687,node-267,BP,35490702,8947,841018,0,0,0,0,841018,0.01682036,0.333136,67,16928,1591232,0,0,0,0,1591232,0.03182464,0.630176,71
688,node-268,BP,35440417,8948,841112,0,0,0,0,841112,0.01682224,0.333136,67,16870,1585780,0,0,0,0,1585780,0.0317156,0.629424,67
689,node-269,BP,35223174,8948,841112,0,0,0,0,841112,0.01682224,0.333136,67,16906,1589164,0,0,0,0,1589164,0.03178328,0.62792,71
690,node-27,BP,59069272,8948,841112,0,0,0,0,841112,0.01682224,0.333136,67,17305,1626670,0,0,0,0,1626670,0.032533400000000004,0.643712,67
691,node-270,BP,35208035,8948,841112,0,0,0,0,841112,0.01682224,0.333136,67,16676,1567544,0,0,0,0,1567544,0.03135088,0.621152,67
692,node-271,BP,35133793,8948,841112,0,0,0,0,841112,0.01682224,0.333136,67,16812,1580328,0,0,0,0,1580328,0.03160656,0.622656,67
693,node-272,BP,35131549,8948,841112,0,0,0,0,841112,0.01682224,0.333136,67,16787,1577978,0,0,0,0,1577978,0.03155956,0.622656,67
694,node-273,BP,35014337,8948,841112,0,0,0,0,841112,0.01682224,0.333136,67,16730,1572620,0,0,0,0,1572620,0.0314524,0.6204,67
695,node-274,BP,35013227,8948,841112,0,0,0,0,841112,0.01682224,0.333136,67,16861,1584934,0,0,0,0,1584934,0.03169868,0.624912,67
696,node-275,BP,35011900,8948,841112,0,0,0,0,841112,0.01682224,0.333136,67,16728,1572432,0,0,0,0,1572432,0.03144864,0.629424,67
697,node-276,BP,35007649,8948,841112,0,0,0,0,841112,0.01682224,0.333136,67,17164,1613416,0,0,0,0,1613416,0.032268319999999996,0.637696,67
698,node-277,BP,34933059,8948,841112,0,0,0,0,841112,0.01682224,0.333136,67,16838,1582772,0,0,0,0,1582772,0.03165544,0.623408,67
699,node-278,BP,34847164,8948,841112,0,0,0,0,841112,0.01682224,0.333136,67,16904,1588976,0,0,0,0,1588976,0.03177952,0.630928,67
700,node-279,BP,34738877,8948,841112,0,0,0,0,841112,0.01682224,0.333136,67,16936,1591984,0,0,0,0,1591984,0.03183968,0.628672,67
701,node-28,BP,22666586,8927,839138,0,0,0,0,839138,0.01678276,0.332384,67,17342,1630148,0,0,0,0,1630148,0.03260296,0.64296,67
702,node-280,BP,34545018,8947,841018,0,0,0,0,841018,0.01682036,0.333136,67,17296,1625824,0,0,0,0,1625824,0.03251648,0.643712,67
703,node-281,BP,33738676,8948,841112,0,0,0,0,841112,0.01682224,0.333136,67,17342,1630148,0,0,0,0,1630148,0.03260296,0.64296,67
704,node-282,BP,33697096,8948,841112,0,0,0,0,841112,0.01682224,0.333136,67,16965,1594710,0,0,0,0,1594710,0.031894200000000004,0.630928,67
705,node-283,BP,33688337,8948,841112,0,0,0,0,841112,0.01682224,0.333136,67,16740,1573560,0,0,0,0,1573560,0.031471200000000005,0.62416,67
706,node-284,BP,33474149,8948,841112,0,0,0,0,841112,0.01682224,0.333136,67,16893,1587942,0,0,0,0,1587942,0.031758839999999997,0.628672,71
707,node-285,BP,33406726,8947,841018,0,0,0,0,841018,0.01682036,0.333136,67,17221,1618774,0,0,0,0,1618774,0.03237548,0.639952,67
708,node-286,BP,33380081,8947,841018,0,0,0,0,841018,0.01682036,0.333136,67,15872,1491968,0,0,0,0,1491968,0.02983936,0.589568,67
709,node-287,BP,33330919,8947,841018,0,0,0,0,841018,0.01682036,0.333136,67,16271,1529474,0,0,0,0,1529474,0.03058948,0.602352,392
710,node-288,BP,33286196,8947,841018,0,0,0,0,841018,0.01682036,0.333136,67,17486,1643684,0,0,0,0,1643684,0.032873679999999995,0.651232,67
711,node-289,BP,33285100,8948,841112,0,0,0,0,841112,0.01682224,0.333136,67,16637,1563878,0,0,0,0,1563878,0.03127756,0.61288,67
712,node-29,BP,22640625,8927,839138,0,0,0,0,839138,0.01678276,0.332384,67,16912,1589728,0,0,0,0,1589728,0.03179456,0.627168,67
713,node-290,BP,33272045,8948,841112,0,0,0,0,841112,0.01682224,0.333136,67,16708,1570552,0,0,0,0,1570552,0.03141104,0.619648,71
714,node-291,BP,33271635,8948,841112,0,0,0,0,841112,0.01682224,0.333136,67,16808,1579952,0,0,0,0,1579952,0.03159904,0.623408,71
715,node-292,BP,33265475,8948,841112,0,0,0,0,841112,0.01682224,0.333136,67,16790,1578260,0,0,0,0,1578260,0.0315652,0.621904,71
716,node-293,BP,33263558,8947,841018,0,0,0,0,841018,0.01682036,0.333136,67,16747,1574218,0,0,0,0,1574218,0.031484359999999996,0.621904,67
717,node-294,BP,33263358,8948,841112,0,0,0,0,841112,0.01682224,0.333136,67,16686,1568484,0,0,0,0,1568484,0.03136968,0.618896,71
718,node-295,BP,33227594,8948,841112,0,0,0,0,841112,0.01682224,0.333136,67,16852,1584088,0,0,0,0,1584088,0.031681759999999996,0.625664,71
719,node-296,BP,33205980,8948,841112,0,0,0,0,841112,0.01682224,0.333136,67,17120,1609280,0,0,0,0,1609280,0.0321856,0.638448,67
720,node-297,BP,33196306,8948,841112,0,0,0,0,841112,0.01682224,0.333136,67,16864,1585216,0,0,0,0,1585216,0.03170432,0.627168,71
721,node-298,BP,33192427,8948,841112,0,0,0,0,841112,0.01682224,0.333136,67,16716,1571304,0,0,0,0,1571304,0.03142608,0.6204,67
722,node-299,BP,33182855,8948,841112,0,0,0,0,841112,0.01682224,0.333136,67,16807,1579858,0,0,0,0,1579858,0.03159716,0.630928,67
723,node-3,BP,70030899,8947,841018,0,0,0,0,841018,0.01682036,0.333136,67,17338,1629772,0,0,0,0,1629772,0.03259544,0.643712,67
724,node-30,BP,22612635,8948,841112,0,0,0,0,841112,0.01682224,0.333136,67,16808,1579952,0,0,0,0,1579952,0.03159904,0.624912,67
725,node-300,BP,33180510,8947,841018,0,0,0,0,841018,0.01682036,0.333136,67,16837,1582678,0,0,0,0,1582678,0.03165356,0.627168,67
726,node-301,BP,33165285,8947,841018,0,0,0,0,841018,0.01682036,0.333136,67,16802,1579388,0,0,0,0,1579388,0.03158776,0.625664,67
727,node-302,BP,33162528,8948,841112,0,0,0,0,841112,0.01682224,0.333136,67,16699,1569706,0,0,0,0,1569706,0.03139412,0.621152,71
728,node-303,BP,33152470,8948,841112,0,0,0,0,841112,0.01682224,0.333136,67,16226,1525244,0,0,0,0,1525244,0.03050488,0.60536,71
729,node-304,BP,33149893,8948,841112,0,0,0,0,841112,0.01682224,0.333136,67,16767,1576098,0,0,0,0,1576098,0.03152196,0.62416,67
730,node-305,BP,33149622,8948,841112,0,0,0,0,841112,0.01682224,0.333136,67,17308,1626952,0,0,0,0,1626952,0.03253904,0.644464,67
731,node-306,BP,33147764,8948,841112,0,0,0,0,841112,0.01682224,0.333136,67,17085,1605990,0,0,0,0,1605990,0.032119800000000004,0.636944,67
732,node-307,BP,33146467,8948,841112,0,0,0,0,841112,0.01682224,0.333136,67,16546,1555324,0,0,0,0,1555324,0.03110648,0.617392,67
733,node-308,BP,33144928,8948,841112,0,0,0,0,841112,0.01682224,0.333136,67,17244,1620936,0,0,0,0,1620936,0.03241872,0.642208,67
734,node-309,BP,33130858,8947,841018,0,0,0,0,841018,0.01682036,0.333136,67,17281,1624414,0,0,0,0,1624414,0.03248828,0.643712,67
735,node-31,BP,22576316,8947,841018,0,0,0,0,841018,0.01682036,0.333136,67,17292,1625448,0,0,0,0,1625448,0.03250896,0.640704,67
736,node-310,BP,33121595,8947,841018,0,0,0,0,841018,0.01682036,0.333136,67,17312,1627328,0,0,0,0,1627328,0.03254656,0.644464,67
737,node-311,BP,33112177,8948,841112,0,0,0,0,841112,0.01682224,0.333136,67,17122,1609468,0,0,0,0,1609468,0.03218936,0.636944,67
738,node-312,BP,33111590,8948,841112,0,0,0,0,841112,0.01682224,0.333136,67,16436,1544984,0,0,0,0,1544984,0.03089968,0.60912,67
739,node-313,BP,33103118,8947,841018,0,0,0,0,841018,0.01682036,0.333136,67,16531,1553914,0,0,0,0,1553914,0.03107828,0.622656,67
740,node-314,BP,32807628,8948,841112,0,0,0,0,841112,0.01682224,0.333136,67,17096,1607024,0,0,0,0,1607024,0.03214048,0.63544,67
741,node-315,BP,32751227,8948,841112,0,0,0,0,841112,0.01682224,0.333136,67,16442,1545548,0,0,0,0,1545548,0.030910959999999998,0.615888,67
742,node-316,BP,32449773,8947,841018,0,0,0,0,841018,0.01682036,0.333136,67,16069,1510486,0,0,0,0,1510486,0.03020972,0.600848,67
743,node-317,BP,32337519,8948,841112,0,0,0,0,841112,0.01682224,0.333136,67,16361,1537934,0,0,0,0,1537934,0.030758679999999997,0.609872,67
744,node-318,BP,32199908,8948,841112,0,0,0,0,841112,0.01682224,0.333136,67,16113,1514622,0,0,0,0,1514622,0.030292439999999997,0.59784,67
745,node-319,BP,32163411,8948,841112,0,0,0,0,841112,0.01682224,0.333136,67,15913,1495822,0,0,0,0,1495822,0.02991644,0.591824,67
746,node-32,BP,58987419,8948,841112,0,0,0,0,841112,0.01682224,0.333136,67,16605,1560870,0,0,0,0,1560870,0.0312174,0.618144,67
747,node-320,BP,32050448,8948,841112,0,0,0,0,841112,0.01682224,0.333136,67,16027,1506538,0,0,0,0,1506538,0.03013076,0.595584,71
748,node-321,BP,32002816,8948,841112,0,0,0,0,841112,0.01682224,0.333136,67,16264,1528816,0,0,0,0,1528816,0.03057632,0.604608,67
749,node-322,BP,31933011,8948,841112,0,0,0,0,841112,0.01682224,0.333136,67,16304,1532576,0,0,0,0,1532576,0.030651519999999998,0.60912,67
750,node-323,BP,31932078,8947,841018,0,0,0,0,841018,0.01682036,0.333136,67,15708,1476552,0,0,0,0,1476552,0.02953104,0.585808,67
751,node-324,BP,31878068,8947,841018,0,0,0,0,841018,0.01682036,0.333136,67,16000,1504000,0,0,0,0,1504000,0.03008,0.597088,71
752,node-325,BP,31801238,8947,841018,0,0,0,0,841018,0.01682036,0.333136,67,16451,1546394,0,0,0,0,1546394,0.03092788,0.612128,67
753,node-326,BP,31783753,8947,841018,0,0,0,0,841018,0.01682036,0.333136,67,16125,1515750,0,0,0,0,1515750,0.030314999999999998,0.599344,67
754,node-327,BP,31591655,8948,841112,0,0,0,0,841112,0.01682224,0.333136,67,15884,1493096,0,0,0,0,1493096,0.02986192,0.589568,67
755,node-328,BP,31397386,8947,841018,0,0,0,0,841018,0.01682036,0.333136,67,15894,1494036,0,0,0,0,1494036,0.02988072,0.591072,392
756,node-329,BP,31363585,8947,841018,0,0,0,0,841018,0.01682036,0.333136,67,16162,1519228,0,0,0,0,1519228,0.03038456,0.6016,71
757,node-33,BP,58961197,8948,841112,0,0,0,0,841112,0.01682224,0.333136,67,17131,1610314,0,0,0,0,1610314,0.032206280000000004,0.637696,71
758,node-330,BP,31249588,8947,841018,0,0,0,0,841018,0.01682036,0.333136,67,15970,1501180,0,0,0,0,1501180,0.030023599999999998,0.591824,67
759,node-331,BP,30727050,8948,841112,0,0,0,0,841112,0.01682224,0.333136,67,17060,1603640,0,0,0,0,1603640,0.0320728,0.63544,71
760,node-332,BP,30670241,8948,841112,0,0,0,0,841112,0.01682224,0.333136,67,15715,1477210,0,0,0,0,1477210,0.0295442,0.588816,67
761,node-333,BP,30607061,8948,841112,0,0,0,0,841112,0.01682224,0.333136,67,15999,1503906,0,0,0,0,1503906,0.03007812,0.598592,67
762,node-334,BP,30601253,8948,841112,0,0,0,0,841112,0.01682224,0.333136,67,16108,1514152,0,0,0,0,1514152,0.030283039999999997,0.599344,67
763,node-335,BP,30258146,8948,841112,0,0,0,0,841112,0.01682224,0.333136,67,15883,1493002,0,0,0,0,1493002,0.029860039999999997,0.59408,67
764,node-336,BP,30161857,8947,841018,0,0,0,0,841018,0.01682036,0.333136,67,16072,1510768,0,0,0,0,1510768,0.030215360000000004,0.600096,67
765,node-337,BP,29988443,8948,841112,0,0,0,0,841112,0.01682224,0.333136,67,15967,1500898,0,0,0,0,1500898,0.03001796,0.598592,67
766,node-338,BP,29942468,8948,841112,0,0,0,0,841112,0.01682224,0.333136,67,16293,1531542,0,0,0,0,1531542,0.03063084,0.606864,71
767,node-339,BP,29896446,8948,841112,0,0,0,0,841112,0.01682224,0.333136,67,16078,1511332,0,0,0,0,1511332,0.03022664,0.603104,67
768,node-34,BP,58956660,8948,841112,0,0,0,0,841112,0.01682224,0.333136,67,17301,1626294,0,0,0,0,1626294,0.03252588,0.645968,67
769,node-340,BP,29793334,8948,841112,0,0,0,0,841112,0.01682224,0.333136,67,15727,1478338,0,0,0,0,1478338,0.029566759999999997,0.58656,67
770,node-341,BP,29712388,8947,841018,0,0,0,0,841018,0.01682036,0.333136,67,16370,1538780,0,0,0,0,1538780,0.0307756,0.610624,67
771,node-342,BP,29656234,8948,841112,0,0,0,0,841112,0.01682224,0.333136,67,15849,1489806,0,0,0,0,1489806,0.02979612,0.588816,71
772,node-343,BP,29587209,8948,841112,0,0,0,0,841112,0.01682224,0.333136,67,16590,1559460,0,0,0,0,1559460,0.0311892,0.617392,67
773,node-344,BP,29052390,8948,841112,0,0,0,0,841112,0.01682224,0.333136,67,15910,1495540,0,0,0,0,1495540,0.0299108,0.591072,67
774,node-345,BP,29001588,8947,841018,0,0,0,0,841018,0.01682036,0.333136,67,16134,1516596,0,0,0,0,1516596,0.030331920000000002,0.600848,67
775,node-346,BP,28883712,8947,841018,0,0,0,0,841018,0.01682036,0.333136,67,15801,1485294,0,0,0,0,1485294,0.029705879999999997,0.589568,67
776,node-347,BP,28523648,8948,841112,0,0,0,0,841112,0.01682224,0.333136,67,15797,1484918,0,0,0,0,1484918,0.02969836,0.585808,67
777,node-348,BP,28522222,8948,841112,0,0,0,0,841112,0.01682224,0.333136,67,15898,1494412,0,0,0,0,1494412,0.02988824,0.596336,67
778,node-349,BP,28336697,8948,841112,0,0,0,0,841112,0.01682224,0.333136,67,15830,1488020,0,0,0,0,1488020,0.0297604,0.588816,67
779,node-35,BP,57864692,8948,841112,0,0,0,0,841112,0.01682224,0.333136,67,16717,1571398,0,0,0,0,1571398,0.031427960000000005,0.619648,67
780,node-350,BP,28108398,8948,841112,0,0,0,0,841112,0.01682224,0.333136,67,16187,1521578,0,0,0,0,1521578,0.030431560000000003,0.606864,67
781,node-351,BP,28043439,8947,841018,0,0,0,0,841018,0.01682036,0.333136,67,16581,1558614,0,0,0,0,1558614,0.03117228,0.619648,67
782,node-352,BP,28039865,8948,841112,0,0,0,0,841112,0.01682224,0.333136,67,15310,1439140,0,0,0,0,1439140,0.0287828,0.567008,71
783,node-353,BP,27988058,8948,841112,0,0,0,0,841112,0.01682224,0.333136,67,15653,1471382,0,0,0,0,1471382,0.029427639999999998,0.579792,67
784,node-354,BP,27903460,8948,841112,0,0,0,0,841112,0.01682224,0.333136,67,15859,1490746,0,0,0,0,1490746,0.029814919999999998,0.59032,67
785,node-355,BP,27690428,8948,841112,0,0,0,0,841112,0.01682224,0.333136,67,16335,1535490,0,0,0,0,1535490,0.0307098,0.609872,67
786,node-356,BP,27519774,8948,841112,0,0,0,0,841112,0.01682224,0.333136,67,16431,1544514,0,0,0,0,1544514,0.03089028,0.615888,67
787,node-357,BP,27293649,8948,841112,0,0,0,0,841112,0.01682224,0.333136,67,16231,1525714,0,0,0,0,1525714,0.03051428,0.602352,67
788,node-358,BP,27262558,8948,841112,0,0,0,0,841112,0.01682224,0.333136,67,16158,1518852,0,0,0,0,1518852,0.03037704,0.604608,67
789,node-359,BP,27253044,8947,841018,0,0,0,0,841018,0.01682036,0.333136,67,16362,1538028,0,0,0,0,1538028,0.03076056,0.606864,67
790,node-36,BP,57708368,8948,841112,0,0,0,0,841112,0.01682224,0.333136,67,17634,1657596,0,0,0,0,1657596,0.03315192,0.657248,67
791,node-360,BP,27212669,8947,841018,0,0,0,0,841018,0.01682036,0.333136,67,16107,1514058,0,0,0,0,1514058,0.030281159999999998,0.600096,67
792,node-361,BP,27210830,8948,841112,0,0,0,0,841112,0.01682224,0.333136,67,16206,1523364,0,0,0,0,1523364,0.03046728,0.60536,67
793,node-362,BP,27208596,8948,841112,0,0,0,0,841112,0.01682224,0.333136,67,16245,1527030,0,0,0,0,1527030,0.0305406,0.608368,67
794,node-363,BP,27202424,8948,841112,0,0,0,0,841112,0.01682224,0.333136,67,16241,1526654,0,0,0,0,1526654,0.03053308,0.60536,67
795,node-364,BP,27187423,8948,841112,0,0,0,0,841112,0.01682224,0.333136,67,16029,1506726,0,0,0,0,1506726,0.03013452,0.59408,71
796,node-365,BP,27171665,8948,841112,0,0,0,0,841112,0.01682224,0.333136,67,16090,1512460,0,0,0,0,1512460,0.030249199999999997,0.597088,67
797,node-366,BP,27158622,8948,841112,0,0,0,0,841112,0.01682224,0.333136,67,16208,1523552,0,0,0,0,1523552,0.03047104,0.60536,67
798,node-367,BP,27076564,8948,841112,0,0,0,0,841112,0.01682224,0.333136,67,16254,1527876,0,0,0,0,1527876,0.03055752,0.606112,67
799,node-368,BP,26955054,8948,841112,0,0,0,0,841112,0.01682224,0.333136,67,16117,1514998,0,0,0,0,1514998,0.03029996,0.60536,67
800,node-369,BP,22325231,8948,841112,0,0,0,0,841112,0.01682224,0.333136,67,17385,1634190,0,0,0,0,1634190,0.0326838,0.648224,67
801,node-37,BP,57608082,8948,841112,0,0,0,0,841112,0.01682224,0.333136,67,16543,1555042,0,0,0,0,1555042,0.03110084,0.612128,71
802,node-370,BP,22214230,8948,841112,0,0,0,0,841112,0.01682224,0.333136,67,17223,1618962,0,0,0,0,1618962,0.032379240000000004,0.641456,71
803,node-371,BP,22089744,8948,841112,0,0,0,0,841112,0.01682224,0.333136,67,17436,1638984,0,0,0,0,1638984,0.03277968,0.648224,67
804,node-372,BP,21894611,8948,841112,0,0,0,0,841112,0.01682224,0.333136,67,17354,1631276,0,0,0,0,1631276,0.03262552,0.645968,67
805,node-373,BP,21804884,8948,841112,0,0,0,0,841112,0.01682224,0.333136,67,17502,1645188,0,0,0,0,1645188,0.032903760000000004,0.651232,67
806,node-374,BP,21726732,8948,841112,0,0,0,0,841112,0.01682224,0.333136,67,17036,1601384,0,0,0,0,1601384,0.032027679999999996,0.632432,67
807,node-375,BP,21681489,8948,841112,0,0,0,0,841112,0.01682224,0.333136,67,17500,1645000,0,0,0,0,1645000,0.0329,0.653488,67
808,node-376,BP,21652867,8948,841112,0,0,0,0,841112,0.01682224,0.333136,67,17551,1649794,0,0,0,0,1649794,0.03299588,0.651984,71
809,node-377,BP,21652286,8948,841112,0,0,0,0,841112,0.01682224,0.333136,67,17266,1623004,0,0,0,0,1623004,0.032460079999999995,0.64296,67
810,node-378,BP,21639960,8948,841112,0,0,0,0,841112,0.01682224,0.333136,67,16464,1547616,0,0,0,0,1547616,0.030952320000000002,0.609872,67
811,node-379,BP,26608251,8948,841112,0,0,0,0,841112,0.01682224,0.333136,67,17072,1604768,0,0,0,0,1604768,0.032095359999999996,0.630928,67
812,node-38,BP,57186659,8948,841112,0,0,0,0,841112,0.01682224,0.333136,67,16794,1578636,0,0,0,0,1578636,0.03157272,0.62416,67
813,node-380,BP,26575894,8947,841018,0,0,0,0,841018,0.01682036,0.333136,67,17133,1610502,0,0,0,0,1610502,0.03221004,0.636944,71
814,node-381,BP,26495343,8948,841112,0,0,0,0,841112,0.01682224,0.333136,67,17390,1634660,0,0,0,0,1634660,0.0326932,0.647472,67
815,node-382,BP,26437252,8948,841112,0,0,0,0,841112,0.01682224,0.333136,67,17263,1622722,0,0,0,0,1622722,0.03245444,0.641456,67
816,node-383,BP,26419289,8948,841112,0,0,0,0,841112,0.01682224,0.333136,67,17392,1634848,0,0,0,0,1634848,0.032696960000000004,0.64672,67
817,node-384,BP,26416287,8948,841112,0,0,0,0,841112,0.01682224,0.333136,67,17812,1674328,0,0,0,0,1674328,0.03348656,0.663264,67
818,node-385,BP,26413290,8948,841112,0,0,0,0,841112,0.01682224,0.333136,67,17407,1636258,0,0,0,0,1636258,0.03272516,0.649728,67
819,node-386,BP,26267604,8948,841112,0,0,0,0,841112,0.01682224,0.333136,67,17259,1622346,0,0,0,0,1622346,0.032446920000000004,0.642208,67
820,node-387,BP,26227992,8948,841112,0,0,0,0,841112,0.01682224,0.333136,67,16648,1564912,0,0,0,0,1564912,0.031298240000000005,0.6204,71
821,node-388,BP,26143143,8948,841112,0,0,0,0,841112,0.01682224,0.333136,67,16681,1568014,0,0,0,0,1568014,0.03136028,0.61664,71
822,node-389,BP,26025502,8948,841112,0,0,0,0,841112,0.01682224,0.333136,67,16742,1573748,0,0,0,0,1573748,0.031474959999999996,0.621152,67
823,node-39,BP,56912255,8948,841112,0,0,0,0,841112,0.01682224,0.333136,67,16992,1597248,0,0,0,0,1597248,0.03194496,0.632432,67
824,node-390,BP,25931159,8948,841112,0,0,0,0,841112,0.01682224,0.333136,67,16713,1571022,0,0,0,0,1571022,0.03142044,0.6204,67
825,node-391,BP,25905115,8948,841112,0,0,0,0,841112,0.01682224,0.333136,67,16800,1579200,0,0,0,0,1579200,0.031584,0.625664,67
826,node-392,BP,25500898,8948,841112,0,0,0,0,841112,0.01682224,0.333136,67,17106,1607964,0,0,0,0,1607964,0.03215928,0.63544,67
827,node-393,BP,25407893,8948,841112,0,0,0,0,841112,0.01682224,0.333136,67,16954,1593676,0,0,0,0,1593676,0.03187352,0.629424,67
828,node-394,BP,25374426,8948,841112,0,0,0,0,841112,0.01682224,0.333136,67,17070,1604580,0,0,0,0,1604580,0.0320916,0.636192,67
829,node-395,BP,25279375,8948,841112,0,0,0,0,841112,0.01682224,0.333136,67,16496,1550624,0,0,0,0,1550624,0.03101248,0.61664,67
830,node-396,BP,25204481,8948,841112,0,0,0,0,841112,0.01682224,0.333136,67,16963,1594522,0,0,0,0,1594522,0.03189044,0.63168,67
831,node-397,BP,25200224,8948,841112,0,0,0,0,841112,0.01682224,0.333136,67,16823,1581362,0,0,0,0,1581362,0.03162724,0.626416,67
832,node-398,BP,24841398,8948,841112,0,0,0,0,841112,0.01682224,0.333136,67,16865,1585310,0,0,0,0,1585310,0.0317062,0.624912,67
833,node-399,BP,24796961,8948,841112,0,0,0,0,841112,0.01682224,0.333136,67,16770,1576380,0,0,0,0,1576380,0.031527599999999996,0.62416,67
834,node-4,relay,0,267288,25125072,0,0,0,0,25125072,0.50250144,9.951968,67,368653,34653382,0,0,0,0,34653382,0.69306764,13.729264,67
835,node-40,BP,22423109,8948,841112,0,0,0,0,841112,0.01682224,0.333136,67,16402,1541788,0,0,0,0,1541788,0.03083576,0.612128,67
836,node-400,BP,24637753,8948,841112,0,0,0,0,841112,0.01682224,0.333136,67,17198,1616612,0,0,0,0,1616612,0.03233224,0.6392,67
837,node-401,BP,24483732,8948,841112,0,0,0,0,841112,0.01682224,0.333136,67,16803,1579482,0,0,0,0,1579482,0.03158964,0.623408,67
838,node-402,BP,24271261,8948,841112,0,0,0,0,841112,0.01682224,0.333136,67,17331,1629114,0,0,0,0,1629114,0.03258228,0.643712,67
839,node-403,BP,24007566,8948,841112,0,0,0,0,841112,0.01682224,0.333136,67,16771,1576474,0,0,0,0,1576474,0.03152948,0.623408,71
840,node-404,BP,23995779,8948,841112,0,0,0,0,841112,0.01682224,0.333136,67,16847,1583618,0,0,0,0,1583618,0.03167236,0.624912,392
841,node-405,BP,23892743,8948,841112,0,0,0,0,841112,0.01682224,0.333136,67,17012,1599128,0,0,0,0,1599128,0.03198256,0.632432,67
842,node-406,BP,23829312,8948,841112,0,0,0,0,841112,0.01682224,0.333136,67,16685,1568390,0,0,0,0,1568390,0.0313678,0.61664,67
843,node-407,BP,23770972,8948,841112,0,0,0,0,841112,0.01682224,0.333136,67,16798,1579012,0,0,0,0,1579012,0.03158024,0.618896,71
844,node-408,BP,23754106,8948,841112,0,0,0,0,841112,0.01682224,0.333136,67,16677,1567638,0,0,0,0,1567638,0.03135276,0.618896,67
845,node-409,BP,23481531,8947,841018,0,0,0,0,841018,0.01682036,0.333136,67,16899,1588506,0,0,0,0,1588506,0.03177012,0.629424,71
846,node-41,BP,67383640,8928,839232,0,0,0,0,839232,0.01678464,0.332384,67,16858,1584652,0,0,0,0,1584652,0.03169304,0.624912,67
847,node-410,BP,23294178,8947,841018,0,0,0,0,841018,0.01682036,0.333136,67,16600,1560400,0,0,0,0,1560400,0.031208,0.615136,71
848,node-411,BP,23208218,8948,841112,0,0,0,0,841112,0.01682224,0.333136,67,16686,1568484,0,0,0,0,1568484,0.03136968,0.618896,71
849,node-412,BP,23204320,8948,841112,0,0,0,0,841112,0.01682224,0.333136,67,16899,1588506,0,0,0,0,1588506,0.03177012,0.630176,67
850,node-413,BP,23134099,8947,841018,0,0,0,0,841018,0.01682036,0.333136,67,16798,1579012,0,0,0,0,1579012,0.03158024,0.62416,235
851,node-414,BP,23028641,8948,841112,0,0,0,0,841112,0.01682224,0.333136,67,16813,1580422,0,0,0,0,1580422,0.03160844,0.62416,67
852,node-415,BP,23023418,8948,841112,0,0,0,0,841112,0.01682224,0.333136,67,16645,1564630,0,0,0,0,1564630,0.0312926,0.61664,71
853,node-416,BP,22926248,8948,841112,0,0,0,0,841112,0.01682224,0.333136,67,16508,1551752,0,0,0,0,1551752,0.03103504,0.61288,71
854,node-417,BP,22905164,8948,841112,0,0,0,0,841112,0.01682224,0.333136,67,17161,1613134,0,0,0,0,1613134,0.03226268,0.636192,67
855,node-418,BP,22747420,8948,841112,0,0,0,0,841112,0.01682224,0.333136,67,16701,1569894,0,0,0,0,1569894,0.031397879999999996,0.618896,71
856,node-419,BP,20111421,8948,841112,0,0,0,0,841112,0.01682224,0.333136,67,16139,1517066,0,0,0,0,1517066,0.03034132,0.600096,67
857,node-42,BP,67238145,8947,841018,0,0,0,0,841018,0.01682036,0.333136,67,16512,1552128,0,0,0,0,1552128,0.03104256,0.61664,71
858,node-420,BP,20097545,8948,841112,0,0,0,0,841112,0.01682224,0.333136,67,16017,1505598,0,0,0,0,1505598,0.03011196,0.593328,67
859,node-421,BP,20025027,8948,841112,0,0,0,0,841112,0.01682224,0.333136,67,15261,1434534,0,0,0,0,1434534,0.02869068,0.56776,67
860,node-422,BP,19919286,8948,841112,0,0,0,0,841112,0.01682224,0.333136,67,15965,1500710,0,0,0,0,1500710,0.0300142,0.597088,71
861,node-423,BP,19882135,8948,841112,0,0,0,0,841112,0.01682224,0.333136,67,17133,1610502,0,0,0,0,1610502,0.03221004,0.6392,67
862,node-424,BP,19819713,8948,841112,0,0,0,0,841112,0.01682224,0.333136,67,16882,1586908,0,0,0,0,1586908,0.03173816,0.626416,67
863,node-425,BP,21600269,8948,841112,0,0,0,0,841112,0.01682224,0.333136,67,15961,1500334,0,0,0,0,1500334,0.03000668,0.593328,67
864,node-426,BP,21582007,8948,841112,0,0,0,0,841112,0.01682224,0.333136,67,17153,1612382,0,0,0,0,1612382,0.03224764,0.6392,71
865,node-427,BP,21514036,8948,841112,0,0,0,0,841112,0.01682224,0.333136,67,16835,1582490,0,0,0,0,1582490,0.0316498,0.626416,71
866,node-428,BP,21492855,8948,841112,0,0,0,0,841112,0.01682224,0.333136,67,16768,1576192,0,0,0,0,1576192,0.03152384,0.627168,71
867,node-429,BP,21483080,8948,841112,0,0,0,0,841112,0.01682224,0.333136,67,15932,1497608,0,0,0,0,1497608,0.029952160000000002,0.591824,71
868,node-43,BP,66262129,8948,841112,0,0,0,0,841112,0.01682224,0.333136,67,16809,1580046,0,0,0,0,1580046,0.031600920000000005,0.622656,67
869,node-430,BP,21311034,8948,841112,0,0,0,0,841112,0.01682224,0.333136,67,16965,1594710,0,0,0,0,1594710,0.031894200000000004,0.63168,67
870,node-431,BP,21263521,8948,841112,0,0,0,0,841112,0.01682224,0.333136,67,17090,1606460,0,0,0,0,1606460,0.0321292,0.63544,67
871,node-432,BP,39112440,8948,841112,0,0,0,0,841112,0.01682224,0.333136,67,16585,1558990,0,0,0,0,1558990,0.0311798,0.617392,71
872,node-433,BP,38932827,8948,841112,0,0,0,0,841112,0.01682224,0.333136,67,17063,1603922,0,0,0,0,1603922,0.03207844,0.63544,67
873,node-434,BP,38507626,8948,841112,0,0,0,0,841112,0.01682224,0.333136,67,17434,1638796,0,0,0,0,1638796,0.03277592,0.648976,67
874,node-435,BP,38480915,8948,841112,0,0,0,0,841112,0.01682224,0.333136,67,16699,1569706,0,0,0,0,1569706,0.03139412,0.621152,67
875,node-436,BP,38417284,8947,841018,0,0,0,0,841018,0.01682036,0.333136,67,17181,1615014,0,0,0,0,1615014,0.03230028,0.637696,67
876,node-437,BP,38364047,8948,841112,0,0,0,0,841112,0.01682224,0.333136,67,17374,1633156,0,0,0,0,1633156,0.032663120000000004,0.645216,67
877,node-438,BP,38270006,8948,841112,0,0,0,0,841112,0.01682224,0.333136,67,17226,1619244,0,0,0,0,1619244,0.03238488,0.642208,67
878,node-439,BP,54955495,8947,841018,0,0,0,0,841018,0.01682036,0.333136,67,16913,1589822,0,0,0,0,1589822,0.03179644,0.630928,71
879,node-44,relay,0,267768,25170192,0,0,0,0,25170192,0.50340384,9.970016,67,360720,33907680,0,0,0,0,33907680,0.6781536,13.429216,67
880,node-440,BP,42122646,8948,841112,0,0,0,0,841112,0.01682224,0.333136,67,17250,1621500,0,0,0,0,1621500,0.03243,0.644464,67
881,node-441,BP,41684152,8948,841112,0,0,0,0,841112,0.01682224,0.333136,67,17116,1608904,0,0,0,0,1608904,0.03217808,0.636944,67
882,node-442,BP,54827879,8948,841112,0,0,0,0,841112,0.01682224,0.333136,67,17193,1616142,0,0,0,0,1616142,0.03232284,0.6392,67
883,node-443,BP,54759219,8948,841112,0,0,0,0,841112,0.01682224,0.333136,67,16978,1595932,0,0,0,0,1595932,0.03191864,0.630176,67
884,node-444,BP,37818867,8927,839138,0,0,0,0,839138,0.01678276,0.332384,67,17087,1606178,0,0,0,0,1606178,0.03212356,0.634688,67
885,node-445,BP,46969561,8948,841112,0,0,0,0,841112,0.01682224,0.333136,67,17496,1644624,0,0,0,0,1644624,0.03289248,0.651984,67
886,node-446,BP,46852478,8948,841112,0,0,0,0,841112,0.01682224,0.333136,67,16233,1525902,0,0,0,0,1525902,0.030518040000000003,0.603856,67
887,node-447,BP,46373111,8947,841018,0,0,0,0,841018,0.01682036,0.333136,67,16505,1551470,0,0,0,0,1551470,0.0310294,0.6204,67
888,node-448,BP,45946202,8948,841112,0,0,0,0,841112,0.01682224,0.333136,67,16518,1552692,0,0,0,0,1552692,0.03105384,0.612128,67
889,node-449,BP,54123771,8948,841112,0,0,0,0,841112,0.01682224,0.333136,67,16776,1576944,0,0,0,0,1576944,0.03153888,0.630176,67
890,node-45,relay,0,303397,28519318,0,0,0,0,28519318,0.57038636,11.296544,67,395554,37182076,0,0,0,0,37182076,0.7436415200000001,14.715136,67
891,node-450,BP,53984659,8948,841112,0,0,0,0,841112,0.01682224,0.333136,67,16641,1564254,0,0,0,0,1564254,0.03128508,0.621152,67
892,node-451,BP,18245241,8948,841112,0,0,0,0,841112,0.01682224,0.333136,67,17086,1606084,0,0,0,0,1606084,0.03212168,0.636192,67
893,node-452,relay,0,258862,24333028,0,0,0,0,24333028,0.48666055999999996,9.638384,67,361149,33948006,0,0,0,0,33948006,0.67896012,13.45328,67
894,node-453,relay,0,427063,40143922,0,0,0,0,40143922,0.8028784400000001,15.90104,67,340609,32017246,0,0,0,0,32017246,0.64034492,12.681728,67
895,node-454,relay,0,444787,41809978,0,0,0,0,41809978,0.8361995600000001,16.556784,67,287475,27022650,0,0,0,0,27022650,0.540453,10.709232,67
896,node-455,relay,0,266529,25053726,0,0,0,0,25053726,0.50107452,9.91888,67,395157,37144758,0,0,0,0,37144758,0.7428951600000001,14.71288,67
897,node-456,relay,0,320882,30162908,0,0,0,0,30162908,0.60325816,11.94552,67,360167,33855698,0,0,0,0,33855698,0.6771139599999999,13.402896,67
898,node-457,relay,0,320647,30140818,0,0,0,0,30140818,0.6028163599999999,11.938,67,361777,34007038,0,0,0,0,34007038,0.68014076,13.474336,67
899,node-458,relay,0,240309,22589046,0,0,0,0,22589046,0.45178092,8.946544,67,299423,28145762,0,0,0,0,28145762,0.56291524,11.156672,67
900,node-459,relay,0,248990,23405060,0,0,0,0,23405060,0.4681012,9.269904,67,298546,28063324,0,0,0,0,28063324,0.56126648,11.131856,67
901,node-46,relay,0,249956,23495864,0,0,0,0,23495864,0.46991728,9.306752,67,317272,29823568,0,0,0,0,29823568,0.59647136,11.815424,67
902,node-460,relay,0,240632,22619408,0,0,0,0,22619408,0.45238816,8.959328,67,342439,32189266,0,0,0,0,32189266,0.6437853200000001,12.745648,67
903,node-461,relay,0,338784,31845696,0,0,0,0,31845696,0.63691392,12.612544,67,324101,30465494,0,0,0,0,30465494,0.60930988,12.059072,67
904,node-462,relay,0,249812,23482328,0,0,0,0,23482328,0.46964656,9.301488,67,342243,32170842,0,0,0,0,32170842,0.64341684,12.73888,67
905,node-463,relay,0,257498,24204812,0,0,0,0,24204812,0.48409624,9.587248,67,325028,30552632,0,0,0,0,30552632,0.61105264,12.090656,67
906,node-464,relay,0,222683,20932202,0,0,0,0,20932202,0.41864404,8.2908,67,297919,28004386,0,0,0,0,28004386,0.56008772,11.085232,67
907,node-465,relay,0,240634,22619596,0,0,0,0,22619596,0.45239192,8.957824,67,360613,33897622,0,0,0,0,33897622,0.67795244,13.427712,67
908,node-466,relay,0,285202,26808988,0,0,0,0,26808988,0.53617976,10.618992,67,360231,33861714,0,0,0,0,33861714,0.67723428,13.425456,67
909,node-467,relay,0,284540,26746760,0,0,0,0,26746760,0.5349351999999999,10.59192,67,289797,27240918,0,0,0,0,27240918,0.5448183600000001,10.796464,67
910,node-468,relay,0,338626,31830844,0,0,0,0,31830844,0.6366168799999999,12.609536,67,297284,27944696,0,0,0,0,27944696,0.55889392,11.060416,67
911,node-469,relay,0,275535,25900290,0,0,0,0,25900290,0.5180058,10.258032,67,322753,30338782,0,0,0,0,30338782,0.60677564,12.014704,67
912,node-47,relay,0,249220,23426680,0,0,0,0,23426680,0.4685336,9.280432,67,307735,28927090,0,0,0,0,28927090,0.5785418,11.437168,67
913,node-470,relay,0,231659,21775946,0,0,0,0,21775946,0.43551892000000003,8.623936,67,279484,26271496,0,0,0,0,26271496,0.52542992,10.397152,67
914,node-471,relay,0,302633,28447502,0,0,0,0,28447502,0.56895004,11.265712,67,288948,27161112,0,0,0,0,27161112,0.54322224,10.746832,67
915,node-472,relay,0,338769,31844286,0,0,0,0,31844286,0.63688572,12.611792,67,343049,32246606,0,0,0,0,32246606,0.64493212,12.771968,67
916,node-473,relay,0,240593,22615742,0,0,0,0,22615742,0.45231484,8.95632,67,316658,29765852,0,0,0,0,29765852,0.59531704,11.799632,67
917,node-474,relay,0,267429,25138326,0,0,0,0,25138326,0.50276652,9.957232,67,288966,27162804,0,0,0,0,27162804,0.54325608,10.7724,67
918,node-475,relay,0,383045,36006230,0,0,0,0,36006230,0.7201246,14.260176,67,351553,33045982,0,0,0,0,33045982,0.66091964,13.094576,67
919,node-476,relay,0,239514,22514316,0,0,0,0,22514316,0.45028632,8.916464,67,351916,33080104,0,0,0,0,33080104,0.66160208,13.11112,67
920,node-477,relay,0,338504,31819376,0,0,0,0,31819376,0.63638752,12.600512,67,379906,35711164,0,0,0,0,35711164,0.7142232799999999,14.151136,67
921,node-478,relay,0,302329,28418926,0,0,0,0,28418926,0.56837852,11.255184,67,343174,32258356,0,0,0,0,32258356,0.64516712,12.770464,67
922,node-479,relay,0,302926,28475044,0,0,0,0,28475044,0.56950088,11.277744,67,332177,31224638,0,0,0,0,31224638,0.62449276,12.36664,67
923,node-48,relay,0,241008,22654752,0,0,0,0,22654752,0.45309503999999995,8.973616,67,387819,36454986,0,0,0,0,36454986,0.72909972,14.433888,67
924,node-480,relay,0,231552,21765888,0,0,0,0,21765888,0.43531776,8.620928,67,280085,26327990,0,0,0,0,26327990,0.5265598,10.433248,67
925,node-481,relay,0,249133,23418502,0,0,0,0,23418502,0.46837004,9.281184,67,361492,33980248,0,0,0,0,33980248,0.67960496,13.482608,67
926,node-482,relay,0,231717,21781398,0,0,0,0,21781398,0.43562796,8.626944,67,342907,32233258,0,0,0,0,32233258,0.64466516,12.764448,67
927,node-483,relay,0,258394,24289036,0,0,0,0,24289036,0.48578072,9.619584,67,388431,36512514,0,0,0,0,36512514,0.73025028,14.462464,67
928,node-484,relay,0,302713,28455022,0,0,0,0,28455022,0.56910044,11.27248,67,324216,30476304,0,0,0,0,30476304,0.60952608,12.074112,67
929,node-485,relay,0,248222,23332868,0,0,0,0,23332868,0.46665736,9.240576,67,281499,26460906,0,0,0,0,26460906,0.52921812,10.488896,67
930,node-486,relay,0,285379,26825626,0,0,0,0,26825626,0.53651252,10.62576,67,351745,33064030,0,0,0,0,33064030,0.6612806,13.093824,67
931,node-487,relay,0,276696,26009424,0,0,0,0,26009424,0.52018848,10.3024,67,352672,33151168,0,0,0,0,33151168,0.66302336,13.136688,67
932,node-488,relay,0,249066,23412204,0,0,0,0,23412204,0.46824408,9.27216,67,415416,39049104,0,0,0,0,39049104,0.78098208,15.473904,67
933,node-489,relay,0,249118,23417092,0,0,0,0,23417092,0.46834184,9.275168,67,307684,28922296,0,0,0,0,28922296,0.57844592,11.472512,67
934,node-49,relay,0,285604,26846776,0,0,0,0,26846776,0.53693552,10.634032,67,272509,25615846,0,0,0,0,25615846,0.5123169200000001,10.147488,67
935,node-490,relay,0,293851,27621994,0,0,0,0,27621994,0.55243988,10.936336,67,343701,32307894,0,0,0,0,32307894,0.64615788,12.808064,67
936,node-491,relay,0,374597,35212118,0,0,0,0,35212118,0.70424236,13.946592,67,289313,27195422,0,0,0,0,27195422,0.54390844,10.76112,67
937,node-492,relay,0,302883,28471002,0,0,0,0,28471002,0.56942004,11.276992,67,288841,27151054,0,0,0,0,27151054,0.5430210799999999,10.755104,67
938,node-493,relay,0,249210,23425740,0,0,0,0,23425740,0.4685148,9.278176,67,296814,27900516,0,0,0,0,27900516,0.55801032,11.031088,67
939,node-494,relay,0,240968,22650992,0,0,0,0,22650992,0.45301983999999995,8.972112,67,316460,29747240,0,0,0,0,29747240,0.5949448,11.78008,67
940,node-495,relay,0,240116,22570904,0,0,0,0,22570904,0.45141808,8.936016,67,308905,29037070,0,0,0,0,29037070,0.5807414,11.50184,67
941,node-496,relay,0,337937,31766078,0,0,0,0,31766078,0.63532156,12.58096,67,324537,30506478,0,0,0,0,30506478,0.6101295600000001,12.080128,67
942,node-497,relay,0,302966,28478804,0,0,0,0,28478804,0.56957608,11.278496,67,352526,33137444,0,0,0,0,33137444,0.6627488800000001,13.113376,67
943,node-498,relay,0,275979,25942026,0,0,0,0,25942026,0.5188405199999999,10.270064,67,324502,30503188,0,0,0,0,30503188,0.6100637600000001,12.086896,67
944,node-499,relay,0,302295,28415730,0,0,0,0,28415730,0.5683146,11.25368,67,360372,33874968,0,0,0,0,33874968,0.6774993600000001,13.428464,67
945,node-5,relay,0,249935,23493890,0,0,0,0,23493890,0.4698778,9.306,67,352919,33174386,0,0,0,0,33174386,0.66348772,13.153984,67
946,node-50,relay,0,275758,25921252,0,0,0,0,25921252,0.51842504,10.265552,67,342757,32219158,0,0,0,0,32219158,0.64438316,12.752416,67
947,node-500,relay,0,293101,27551494,0,0,0,0,27551494,0.5510298800000001,10.908512,67,431239,40536466,0,0,0,0,40536466,0.81072932,16.06272,67
948,node-501,relay,0,355939,33458266,0,0,0,0,33458266,0.6691653200000001,13.247984,67,315623,29668562,0,0,0,0,29668562,0.5933712400000001,11.75376,67
949,node-502,relay,0,267417,25137198,0,0,0,0,25137198,0.50274396,9.957232,67,289622,27224468,0,0,0,0,27224468,0.54448936,10.790448,67
950,node-503,relay,0,240270,22585380,0,0,0,0,22585380,0.4517076,8.94504,67,359914,33831916,0,0,0,0,33831916,0.67663832,13.396128,67
951,node-504,relay,0,311108,29244152,0,0,0,0,29244152,0.58488304,11.582304,67,316207,29723458,0,0,0,0,29723458,0.59446916,11.762032,67
952,node-505,relay,0,257363,24192122,0,0,0,0,24192122,0.48384244000000004,9.58048,67,234993,22089342,0,0,0,0,22089342,0.44178683999999996,8.745008,67
953,node-506,relay,0,266656,25065664,0,0,0,0,25065664,0.5013132800000001,9.928656,67,288439,27113266,0,0,0,0,27113266,0.5422653199999999,10.751344,67
954,node-507,relay,0,258086,24260084,0,0,0,0,24260084,0.48520167999999997,9.609056,67,317378,29833532,0,0,0,0,29833532,0.59667064,11.814672,67
955,node-508,relay,0,356277,33490038,0,0,0,0,33490038,0.66980076,13.264528,67,334220,31416680,0,0,0,0,31416680,0.6283335999999999,12.442592,67
956,node-509,relay,0,319349,30018806,0,0,0,0,30018806,0.6003761200000001,11.886864,67,331600,31170400,0,0,0,0,31170400,0.623408,12.334304,67
957,node-51,relay,0,276716,26011304,0,0,0,0,26011304,0.52022608,10.303152,67,316718,29771492,0,0,0,0,29771492,0.59542984,11.792864,67
958,node-510,relay,0,293725,27610150,0,0,0,0,27610150,0.552203,10.936336,67,334231,31417714,0,0,0,0,31417714,0.62835428,12.441088,67
959,node-511,relay,0,285328,26820832,0,0,0,0,26820832,0.53641664,10.623504,67,317161,29813134,0,0,0,0,29813134,0.59626268,11.808656,67
960,node-512,relay,0,276192,25962048,0,0,0,0,25962048,0.51924096,10.282096,67,352376,33123344,0,0,0,0,33123344,0.6624668800000001,13.124656,67
961,node-513,relay,0,293455,27584770,0,0,0,0,27584770,0.5516954,10.92656,67,378474,35576556,0,0,0,0,35576556,0.71153112,14.086464,67
962,node-514,relay,0,258841,24331054,0,0,0,0,24331054,0.48662108000000004,9.637632,67,281727,26482338,0,0,0,0,26482338,0.52964676,10.496416,67
963,node-515,relay,0,284404,26733976,0,0,0,0,26733976,0.53467952,10.585904,67,317627,29856938,0,0,0,0,29856938,0.59713876,11.826704,67
964,node-516,relay,0,319283,30012602,0,0,0,0,30012602,0.60025204,11.8816,67,326136,30656784,0,0,0,0,30656784,0.61313568,12.143296,67
965,node-517,relay,0,294570,27689580,0,0,0,0,27689580,0.5537915999999999,10.96792,67,379637,35685878,0,0,0,0,35685878,0.7137175600000001,14.133088,67
966,node-518,relay,0,249935,23493890,0,0,0,0,23493890,0.4698778,9.306,67,307359,28891746,0,0,0,0,28891746,0.57783492,11.443936,67
967,node-519,relay,0,285603,26846682,0,0,0,0,26846682,0.53693364,10.634032,67,360929,33927326,0,0,0,0,33927326,0.67854652,13.442,67
968,node-52,relay,0,294570,27689580,0,0,0,0,27689580,0.5537915999999999,10.96792,67,334915,31482010,0,0,0,0,31482010,0.6296402,12.485456,67
969,node-520,relay,0,285105,26799870,0,0,0,0,26799870,0.5359974,10.613728,67,218782,20565508,0,0,0,0,20565508,0.41131016000000004,8.141152,67
970,node-521,relay,0,266930,25091420,0,0,0,0,25091420,0.5018284,9.94144,67,281089,26422366,0,0,0,0,26422366,0.52844732,10.462576,67
971,node-522,relay,0,266156,25018664,0,0,0,0,25018664,0.50037328,9.908352,67,343702,32307988,0,0,0,0,32307988,0.6461597600000001,12.797536,67
972,node-523,relay,0,258082,24259708,0,0,0,0,24259708,0.48519416,9.609808,67,289983,27258402,0,0,0,0,27258402,0.54516804,10.79496,67
973,node-524,relay,0,222214,20888116,0,0,0,0,20888116,0.41776232,8.271248,67,316899,29788506,0,0,0,0,29788506,0.5957701200000001,11.801888,67
974,node-525,relay,0,301455,28336770,0,0,0,0,28336770,0.5667354,11.224352,67,307196,28876424,0,0,0,0,28876424,0.57752848,11.44168,67
975,node-526,relay,0,265652,24971288,0,0,0,0,24971288,0.49942576000000005,9.887296,67,343713,32309022,0,0,0,0,32309022,0.64618044,12.797536,67
976,node-527,relay,0,267150,25112100,0,0,0,0,25112100,0.5022420000000001,9.9452,67,396616,37281904,0,0,0,0,37281904,0.74563808,14.770784,67
977,node-528,relay,0,276164,25959416,0,0,0,0,25959416,0.51918832,10.2836,67,387686,36442484,0,0,0,0,36442484,0.72884968,14.437648,67
978,node-529,relay,0,276250,25967500,0,0,0,0,25967500,0.51935,10.288112,67,369425,34725950,0,0,0,0,34725950,0.694519,13.751824,67
979,node-53,relay,0,267789,25172166,0,0,0,0,25172166,0.50344332,9.970768,67,316535,29754290,0,0,0,0,29754290,0.5950858,11.779328,67
980,node-530,relay,0,222585,20922990,0,0,0,0,20922990,0.4184598,8.28704,67,369777,34759038,0,0,0,0,34759038,0.69518076,13.766112,67
981,node-531,relay,0,257663,24220322,0,0,0,0,24220322,0.48440644,9.593264,67,361100,33943400,0,0,0,0,33943400,0.6788679999999999,13.439744,67
982,node-532,relay,0,292987,27540778,0,0,0,0,27540778,0.55081556,10.910768,67,289776,27238944,0,0,0,0,27238944,0.54477888,10.789696,67
983,node-533,relay,0,239860,22546840,0,0,0,0,22546840,0.45093679999999997,8.931504,67,280132,26332408,0,0,0,0,26332408,0.52664816,10.427232,67
984,node-534,relay,0,293040,27545760,0,0,0,0,27545760,0.5509152,10.910768,67,343214,32262116,0,0,0,0,32262116,0.6452423199999999,12.780992,67
985,node-535,relay,0,284831,26774114,0,0,0,0,26774114,0.53548228,10.604704,67,324915,30542010,0,0,0,0,30542010,0.6108402,12.097424,67
986,node-536,relay,0,264844,24895336,0,0,0,0,24895336,0.49790672,9.86248,67,272424,25607856,0,0,0,0,25607856,0.51215712,10.14072,67
987,node-537,relay,0,276494,25990436,0,0,0,0,25990436,0.51980872,10.29488,67,396742,37293748,0,0,0,0,37293748,0.74587496,14.770032,67
988,node-538,relay,0,302638,28447972,0,0,0,0,28447972,0.56895944,11.26872,67,298250,28035500,0,0,0,0,28035500,0.5607099999999999,11.102528,67
989,node-539,relay,0,240287,22586978,0,0,0,0,22586978,0.45173956,8.9488,67,307608,28915152,0,0,0,0,28915152,0.57830304,11.448448,67
990,node-54,relay,0,303304,28510576,0,0,0,0,28510576,0.57021152,11.293536,67,289934,27253796,0,0,0,0,27253796,0.54507592,10.80624,67
991,node-540,relay,0,257973,24249462,0,0,0,0,24249462,0.48498924000000004,9.606048,67,280578,26374332,0,0,0,0,26374332,0.52748664,10.450544,67
992,node-541,relay,0,302873,28470062,0,0,0,0,28470062,0.5694012399999999,11.279248,67,334182,31413108,0,0,0,0,31413108,0.62826216,12.435824,67
993,node-542,relay,0,266018,25005692,0,0,0,0,25005692,0.50011384,9.906848,67,317001,29798094,0,0,0,0,29798094,0.5959618799999999,11.801136,67
994,node-543,relay,0,272442,25609548,0,0,0,0,25609548,0.51219096,10.142976,67,245483,23075402,0,0,0,0,23075402,0.46150804,9.141312,67
995,node-544,relay,0,293105,27551870,0,0,0,0,27551870,0.5510374,10.912272,67,324829,30533926,0,0,0,0,30533926,0.61067852,12.092912,67
996,node-545,relay,0,248785,23385790,0,0,0,0,23385790,0.4677158,9.265392,67,325768,30622192,0,0,0,0,30622192,0.61244384,12.129008,67
997,node-546,relay,0,265146,24923724,0,0,0,0,24923724,0.49847448,9.873008,67,300179,28216826,0,0,0,0,28216826,0.56433652,11.17848,67
998,node-547,relay,0,320659,30141946,0,0,0,0,30141946,0.6028389200000001,11.938752,67,362057,34033358,0,0,0,0,34033358,0.68066716,13.487872,67
999,node-548,relay,0,274810,25832140,0,0,0,0,25832140,0.5166428,10.230208,67,308059,28957546,0,0,0,0,28957546,0.57915092,11.466496,67
1000,node-549,relay,0,284901,26780694,0,0,0,0,26780694,0.53561388,10.608464,67,298711,28078834,0,0,0,0,28078834,0.56157668,11.119072,71
1001,node-55,relay,0,294570,27689580,0,0,0,0,27689580,0.5537915999999999,10.96792,67,351760,33065440,0,0,0,0,33065440,0.6613088,13.084048,67
1002,node-550,relay,0,293523,27591162,0,0,0,0,27591162,0.55182324,10.927312,67,324920,30542480,0,0,0,0,30542480,0.6108496,12.094416,67
1003,node-551,relay,0,302524,28437256,0,0,0,0,28437256,0.56874512,11.266464,67,343365,32276310,0,0,0,0,32276310,0.6455262,12.771968,67
1004,node-552,relay,0,276276,25969944,0,0,0,0,25969944,0.51939888,10.288112,67,360732,33908808,0,0,0,0,33908808,0.67817616,13.42696,67
1005,node-553,relay,0,319850,30065900,0,0,0,0,30065900,0.601318,11.907168,67,334914,31481916,0,0,0,0,31481916,0.62963832,12.469664,67
1006,node-554,relay,0,248636,23371784,0,0,0,0,23371784,0.46743568,9.259376,67,352406,33126164,0,0,0,0,33126164,0.66252328,13.114128,67
1007,node-555,relay,0,247541,23268854,0,0,0,0,23268854,0.46537708,9.221024,67,299548,28157512,0,0,0,0,28157512,0.56315024,11.154416,67
1008,node-556,relay,0,258112,24262528,0,0,0,0,24262528,0.48525056,9.612816,67,370460,34823240,0,0,0,0,34823240,0.6964648,13.790176,67
1009,node-557,relay,0,267181,25115014,0,0,0,0,25115014,0.5023002799999999,9.950464,67,361053,33938982,0,0,0,0,33938982,0.67877964,13.439744,67
1010,node-558,relay,0,265519,24958786,0,0,0,0,24958786,0.49917572,9.882032,67,290760,27331440,0,0,0,0,27331440,0.5466288,10.8288,67
1011,node-559,relay,0,275961,25940334,0,0,0,0,25940334,0.51880668,10.273824,67,271895,25558130,0,0,0,0,25558130,0.5111626,10.1144,67
1012,node-56,relay,0,276591,25999554,0,0,0,0,25999554,0.51999108,10.29864,67,296784,27897696,0,0,0,0,27897696,0.55795392,11.05064,67
1013,node-560,relay,0,258074,24258956,0,0,0,0,24258956,0.48517912,9.61056,67,396783,37297602,0,0,0,0,37297602,0.7459520399999999,14.772288,67
1014,node-561,relay,0,248822,23389268,0,0,0,0,23389268,0.46778536000000004,9.263888,67,361145,33947630,0,0,0,0,33947630,0.6789525999999999,13.448768,67
1015,node-562,relay,0,240048,22564512,0,0,0,0,22564512,0.45129024,8.939776,67,334496,31442624,0,0,0,0,31442624,0.6288524799999999,12.45312,67
1016,node-563,relay,0,266405,25042070,0,0,0,0,25042070,0.5008414,9.920384,67,369903,34770882,0,0,0,0,34770882,0.6954176400000001,13.766112,67
1017,node-564,relay,0,276054,25949076,0,0,0,0,25949076,0.5189815200000001,10.280592,67,334201,31414894,0,0,0,0,31414894,0.62829788,12.4456,67
1018,node-565,relay,0,239785,22539790,0,0,0,0,22539790,0.4507958,8.923984,67,361475,33978650,0,0,0,0,33978650,0.679573,13.466064,67
1019,node-566,relay,0,231299,21742106,0,0,0,0,21742106,0.43484212,8.611904,67,316767,29776098,0,0,0,0,29776098,0.59552196,11.79888,67
1020,node-567,relay,0,275562,25902828,0,0,0,0,25902828,0.51805656,10.260288,67,281225,26435150,0,0,0,0,26435150,0.528703,10.473856,67
1021,node-568,relay,0,285083,26797802,0,0,0,0,26797802,0.53595604,10.617488,67,325781,30623414,0,0,0,0,30623414,0.61246828,12.126,67
1022,node-569,relay,0,284457,26738958,0,0,0,0,26738958,0.53477916,10.592672,67,325610,30607340,0,0,0,0,30607340,0.6121468,12.121488,67
1023,node-57,relay,0,214157,20130758,0,0,0,0,20130758,0.40261516,7.974208,67,361625,33992750,0,0,0,0,33992750,0.679855,13.469072,67
1024,node-570,relay,0,266895,25088130,0,0,0,0,25088130,0.5017626,9.93392,67,334421,31435574,0,0,0,0,31435574,0.62871148,12.459136,67
1025,node-571,relay,0,284094,26704836,0,0,0,0,26704836,0.53409672,10.575376,67,352364,33122216,0,0,0,0,33122216,0.6624443200000001,13.123904,67
1026,node-572,relay,0,293822,27619268,0,0,0,0,27619268,0.55238536,10.940096,67,334307,31424858,0,0,0,0,31424858,0.62849716,12.442592,67
1027,node-573,relay,0,302782,28461508,0,0,0,0,28461508,0.5692301599999999,11.27624,67,307153,28872382,0,0,0,0,28872382,0.57744764,11.422128,67
1028,node-574,relay,0,292813,27524422,0,0,0,0,27524422,0.5504884400000001,10.904752,67,351700,33059800,0,0,0,0,33059800,0.661196,13.098336,67
1029,node-575,relay,0,258395,24289130,0,0,0,0,24289130,0.4857826,9.620336,67,378940,35620360,0,0,0,0,35620360,0.7124071999999999,14.119552,67
1030,node-576,relay,0,285295,26817730,0,0,0,0,26817730,0.5363546,10.622752,67,306731,28832714,0,0,0,0,28832714,0.57665428,11.414608,67
1031,node-577,relay,0,249935,23493890,0,0,0,0,23493890,0.4698778,9.306,67,289396,27203224,0,0,0,0,27203224,0.54406448,10.765632,67
1032,node-578,relay,0,294111,27646434,0,0,0,0,27646434,0.55292868,10.950624,67,281182,26431108,0,0,0,0,26431108,0.52862216,10.468592,67
1033,node-579,relay,0,231190,21731860,0,0,0,0,21731860,0.4346372,8.608144,67,375721,35317774,0,0,0,0,35317774,0.70635548,13.975168,67
1034,node-58,relay,0,249935,23493890,0,0,0,0,23493890,0.4698778,9.306,67,360438,33881172,0,0,0,0,33881172,0.67762344,13.417936,67
1035,node-580,relay,0,266979,25096026,0,0,0,0,25096026,0.50192052,9.940688,67,368774,34664756,0,0,0,0,34664756,0.6932951199999999,13.726256,67
1036,node-581,relay,0,294568,27689392,0,0,0,0,27689392,0.55378784,10.967168,67,263391,24758754,0,0,0,0,24758754,0.49517508,9.807584,67
1037,node-582,relay,0,285491,26836154,0,0,0,0,26836154,0.53672308,10.630272,67,299114,28116716,0,0,0,0,28116716,0.56233432,11.14088,67
1038,node-583,relay,0,258390,24288660,0,0,0,0,24288660,0.4857732,9.62184,67,324700,30521800,0,0,0,0,30521800,0.610436,12.090656,67
1039,node-584,relay,0,276373,25979062,0,0,0,0,25979062,0.5195812399999999,10.28736,67,323894,30446036,0,0,0,0,30446036,0.60892072,12.056064,67
1040,node-585,relay,0,339164,31881416,0,0,0,0,31881416,0.63762832,12.628336,67,342403,32185882,0,0,0,0,32185882,0.64371764,12.753168,67
1041,node-586,relay,0,258863,24333122,0,0,0,0,24333122,0.48666244,9.638384,67,297803,27993482,0,0,0,0,27993482,0.5598696400000001,11.082224,67
1042,node-587,relay,0,276716,26011304,0,0,0,0,26011304,0.52022608,10.303152,67,370316,34809704,0,0,0,0,34809704,0.69619408,13.794688,67
1043,node-588,relay,0,303222,28502868,0,0,0,0,28502868,0.57005736,11.289776,67,315341,29642054,0,0,0,0,29642054,0.59284108,11.744736,67
1044,node-589,relay,0,258249,24275406,0,0,0,0,24275406,0.48550812,9.61808,67,332104,31217776,0,0,0,0,31217776,0.62435552,12.3704,67
1045,node-59,relay,0,258234,24273996,0,0,0,0,24273996,0.48547992,9.613568,67,307166,28873604,0,0,0,0,28873604,0.57747208,11.437168,67
1046,node-590,relay,0,444147,41749818,0,0,0,0,41749818,0.83499636,16.537232,67,297366,27952404,0,0,0,0,27952404,0.5590480800000001,11.053648,67
1047,node-591,relay,0,285643,26850442,0,0,0,0,26850442,0.53700884,10.635536,67,288843,27151242,0,0,0,0,27151242,0.54302484,10.755104,67
1048,node-592,relay,0,258083,24259802,0,0,0,0,24259802,0.48519604,9.61056,67,369820,34763080,0,0,0,0,34763080,0.6952616,13.781152,67
1049,node-593,relay,0,258382,24287908,0,0,0,0,24287908,0.48575816000000005,9.62184,67,314680,29579920,0,0,0,0,29579920,0.5915984000000001,11.70488,67
1050,node-594,relay,0,249731,23474714,0,0,0,0,23474714,0.46949428,9.297728,67,316268,29729192,0,0,0,0,29729192,0.59458384,11.786096,67
1051,node-595,relay,0,257712,24224928,0,0,0,0,24224928,0.48449855999999997,9.590256,67,315890,29693660,0,0,0,0,29693660,0.5938732,11.75752,67
1052,node-596,relay,0,284978,26787932,0,0,0,0,26787932,0.5357586400000001,10.609216,67,299255,28129970,0,0,0,0,28129970,0.5625994,11.143136,67
1053,node-597,relay,0,276105,25953870,0,0,0,0,25953870,0.5190774,10.2836,67,307868,28939592,0,0,0,0,28939592,0.5787918400000001,11.46424,67
1054,node-598,relay,0,257985,24250590,0,0,0,0,24250590,0.4850118,9.605296,67,314380,29551720,0,0,0,0,29551720,0.5910344,11.707888,67
1055,node-599,relay,0,267142,25111348,0,0,0,0,25111348,0.50222696,9.944448,67,280682,26384108,0,0,0,0,26384108,0.52768216,10.446032,67
1056,node-6,relay,0,249787,23479978,0,0,0,0,23479978,0.46959955999999997,9.301488,67,290906,27345164,0,0,0,0,27345164,0.54690328,10.807744,67
1057,node-60,relay,0,258863,24333122,0,0,0,0,24333122,0.48666244,9.638384,67,342932,32235608,0,0,0,0,32235608,0.64471216,12.765952,67
1058,node-600,relay,0,507608,47715152,0,0,0,0,47715152,0.9543030400000001,18.900016,67,377125,35449750,0,0,0,0,35449750,0.708995,14.029312,67
1059,node-601,relay,0,249306,23434764,0,0,0,0,23434764,0.46869528000000005,9.284192,67,361216,33954304,0,0,0,0,33954304,0.67908608,13.424704,67
1060,node-602,relay,0,276147,25957818,0,0,0,0,25957818,0.51915636,10.282848,67,414291,38943354,0,0,0,0,38943354,0.7788670799999999,15.425776,67
1061,node-603,relay,0,284368,26730592,0,0,0,0,26730592,0.5346118400000001,10.589664,67,297471,27962274,0,0,0,0,27962274,0.55924548,11.071696,67
1062,node-604,relay,0,267425,25137950,0,0,0,0,25137950,0.502759,9.955728,67,324690,30520860,0,0,0,0,30520860,0.6104172,12.0884,67
1063,node-605,relay,0,301306,28322764,0,0,0,0,28322764,0.56645528,11.220592,67,315495,29656530,0,0,0,0,29656530,0.5931306,11.731952,67
1064,node-606,relay,0,267497,25144718,0,0,0,0,25144718,0.50289436,9.958736,67,334711,31462834,0,0,0,0,31462834,0.62925668,12.465152,67
1065,node-607,relay,0,329593,30981742,0,0,0,0,30981742,0.61963484,12.270384,67,360128,33852032,0,0,0,0,33852032,0.67704064,13.408912,67
1066,node-608,relay,0,276480,25989120,0,0,0,0,25989120,0.5197824,10.292624,67,298341,28044054,0,0,0,0,28044054,0.56088108,11.113056,67
1067,node-609,relay,0,347707,32684458,0,0,0,0,32684458,0.65368916,12.94568,67,269487,25331778,0,0,0,0,25331778,0.50663556,10.025664,67
1068,node-61,relay,0,240988,22652872,0,0,0,0,22652872,0.45305744,8.972864,67,298779,28085226,0,0,0,0,28085226,0.5617045199999999,11.131856,67
1069,node-610,relay,0,240785,22633790,0,0,0,0,22633790,0.4526758,8.96384,67,388050,36476700,0,0,0,0,36476700,0.729534,14.44216,67
1070,node-611,relay,0,294065,27642110,0,0,0,0,27642110,0.5528422,10.949872,67,341204,32073176,0,0,0,0,32073176,0.64146352,12.69376,67
1071,node-612,relay,0,516002,48504188,0,0,0,0,48504188,0.97008376,19.2136,67,358809,33728046,0,0,0,0,33728046,0.67456092,13.368304,71
1072,node-613,relay,0,285277,26816038,0,0,0,0,26816038,0.53632076,10.61824,67,333675,31365450,0,0,0,0,31365450,0.627309,12.416272,67
1073,node-614,relay,0,356338,33495772,0,0,0,0,33495772,0.66991544,13.266784,67,271474,25518556,0,0,0,0,25518556,0.51037112,10.107632,67
1074,node-615,relay,0,249216,23426304,0,0,0,0,23426304,0.46852607999999996,9.278928,67,343299,32270106,0,0,0,0,32270106,0.64540212,12.779488,67
1075,node-616,relay,0,249014,23407316,0,0,0,0,23407316,0.46814632,9.269152,67,306612,28821528,0,0,0,0,28821528,0.57643056,11.4116,67
1076,node-617,relay,0,373959,35152146,0,0,0,0,35152146,0.70304292,13.921776,67,297045,27922230,0,0,0,0,27922230,0.5584446,11.038608,67
1077,node-618,relay,0,285369,26824686,0,0,0,0,26824686,0.53649372,10.624256,67,370133,34792502,0,0,0,0,34792502,0.69585004,13.771376,67
1078,node-619,relay,0,248601,23368494,0,0,0,0,23368494,0.46736987999999996,9.25712,67,351912,33079728,0,0,0,0,33079728,0.66159456,13.101344,67
1079,node-62,relay,0,532221,50028774,0,0,0,0,50028774,1.00057548,19.817456,67,323479,30407026,0,0,0,0,30407026,0.60814052,12.057568,67
1080,node-620,relay,0,267018,25099692,0,0,0,0,25099692,0.50199384,9.940688,67,378269,35557286,0,0,0,0,35557286,0.71114572,14.0812,67
1081,node-621,relay,0,284902,26780788,0,0,0,0,26780788,0.53561576,10.605456,67,316510,29751940,0,0,0,0,29751940,0.5950388,11.79512,67
1082,node-622,relay,0,266792,25078448,0,0,0,0,25078448,0.5015689600000001,9.927904,67,317549,29849606,0,0,0,0,29849606,0.59699212,11.82896,67
1083,node-623,relay,0,266845,25083430,0,0,0,0,25083430,0.5016686,9.936176,67,325149,30564006,0,0,0,0,30564006,0.61128012,12.106448,67
1084,node-624,relay,0,267042,25101948,0,0,0,0,25101948,0.50203896,9.938432,67,299408,28144352,0,0,0,0,28144352,0.56288704,11.145392,67
1085,node-625,relay,0,293828,27619832,0,0,0,0,27619832,0.55239664,10.940848,67,370148,34793912,0,0,0,0,34793912,0.69587824,13.783408,67
1086,node-626,relay,0,302922,28474668,0,0,0,0,28474668,0.5694933600000001,11.278496,67,332161,31223134,0,0,0,0,31223134,0.62446268,12.371152,67
1087,node-627,relay,0,249515,23454410,0,0,0,0,23454410,0.4690882,9.291712,67,332610,31265340,0,0,0,0,31265340,0.6253067999999999,12.386192,67
1088,node-628,relay,0,310223,29160962,0,0,0,0,29160962,0.58321924,11.548464,67,308221,28972774,0,0,0,0,28972774,0.57945548,11.477024,67
1089,node-629,relay,0,329968,31016992,0,0,0,0,31016992,0.62033984,12.286176,67,316203,29723082,0,0,0,0,29723082,0.59446164,11.784592,67
1090,node-63,relay,0,496403,46661882,0,0,0,0,46661882,0.93323764,18.481152,67,303336,28513584,0,0,0,0,28513584,0.5702716800000001,11.318352,67
1091,node-630,relay,0,336425,31623950,0,0,0,0,31623950,0.632479,12.526816,67,306104,28773776,0,0,0,0,28773776,0.57547552,11.401072,67
1092,node-631,relay,0,249639,23466066,0,0,0,0,23466066,0.46932132000000004,9.295472,67,368538,34642572,0,0,0,0,34642572,0.69285144,13.717232,67
1093,node-632,relay,0,248826,23389644,0,0,0,0,23389644,0.46779288,9.26464,67,325193,30568142,0,0,0,0,30568142,0.6113628400000001,12.115472,67
1094,node-633,relay,0,258434,24292796,0,0,0,0,24292796,0.48585592,9.62184,67,288330,27103020,0,0,0,0,27103020,0.5420604,10.732544,67
1095,node-634,relay,0,338946,31860924,0,0,0,0,31860924,0.63721848,12.620816,67,297231,27939714,0,0,0,0,27939714,0.55879428,11.068688,67
1096,node-635,relay,0,230157,21634758,0,0,0,0,21634758,0.43269516,8.56528,67,369224,34707056,0,0,0,0,34707056,0.6941411200000001,13.747312,67
1097,node-636,relay,0,293700,27607800,0,0,0,0,27607800,0.552156,10.935584,67,298520,28060880,0,0,0,0,28060880,0.5612176,11.116816,67
1098,node-637,relay,0,312424,29367856,0,0,0,0,29367856,0.58735712,11.632688,67,342988,32240872,0,0,0,0,32240872,0.6448174400000001,12.769712,67
1099,node-638,relay,0,471898,44358412,0,0,0,0,44358412,0.88716824,17.571232,67,332626,31266844,0,0,0,0,31266844,0.62533688,12.37792,71
1100,node-639,relay,0,312424,29367856,0,0,0,0,29367856,0.58735712,11.632688,67,324626,30514844,0,0,0,0,30514844,0.61029688,12.081632,67
1101,node-64,relay,0,231576,21768144,0,0,0,0,21768144,0.43536288,8.619424,67,370107,34790058,0,0,0,0,34790058,0.69580116,13.77288,67
1102,node-640,relay,0,302274,28413756,0,0,0,0,28413756,0.56827512,11.255184,67,289449,27208206,0,0,0,0,27208206,0.54416412,10.784432,67
1103,node-641,relay,0,338646,31832724,0,0,0,0,31832724,0.63665448,12.609536,67,333178,31318732,0,0,0,0,31318732,0.62637464,12.411008,67
1104,node-642,relay,0,231797,21788918,0,0,0,0,21788918,0.43577836,8.629952,67,374992,35249248,0,0,0,0,35249248,0.70498496,13.950352,67
1105,node-643,relay,0,294549,27687606,0,0,0,0,27687606,0.55375212,10.967168,67,253154,23796476,0,0,0,0,23796476,0.47592952,9.4188,67
1106,node-644,relay,0,294399,27673506,0,0,0,0,27673506,0.55347012,10.961904,67,414320,38946080,0,0,0,0,38946080,0.7789216,15.428784,67
1107,node-645,relay,0,266943,25092642,0,0,0,0,25092642,0.5018528400000001,9.939936,67,378554,35584076,0,0,0,0,35584076,0.7116815200000001,14.094736,67
1108,node-646,relay,0,214227,20137338,0,0,0,0,20137338,0.40274676,7.976464,67,299138,28118972,0,0,0,0,28118972,0.56237944,11.134112,67
1109,node-647,relay,0,312171,29344074,0,0,0,0,29344074,0.58688148,11.622912,67,324568,30509392,0,0,0,0,30509392,0.6101878399999999,12.092912,67
1110,node-648,relay,0,312297,29355918,0,0,0,0,29355918,0.58711836,11.628176,67,378379,35567626,0,0,0,0,35567626,0.7113525199999999,14.099248,67
1111,node-649,relay,0,240882,22642908,0,0,0,0,22642908,0.45285815999999995,8.969104,67,324741,30525654,0,0,0,0,30525654,0.61051308,12.086144,67
1112,node-65,relay,0,266868,25085592,0,0,0,0,25085592,0.50171184,9.93392,67,317141,29811254,0,0,0,0,29811254,0.5962250800000001,11.807152,67
1113,node-650,relay,0,303435,28522890,0,0,0,0,28522890,0.5704578,11.298048,67,262881,24710814,0,0,0,0,24710814,0.49421628,9.78352,67
1114,node-651,relay,0,285621,26848374,0,0,0,0,26848374,0.5369674799999999,10.634784,67,307461,28901334,0,0,0,0,28901334,0.57802668,11.46048,67
1115,node-652,relay,0,285326,26820644,0,0,0,0,26820644,0.53641288,10.623504,67,351593,33049742,0,0,0,0,33049742,0.6609948400000001,13.082544,67
1116,node-653,relay,0,285062,26795828,0,0,0,0,26795828,0.53591656,10.615984,67,369293,34713542,0,0,0,0,34713542,0.69427084,13.751824,67
1117,node-654,relay,0,284860,26776840,0,0,0,0,26776840,0.5355368,10.603952,67,307660,28920040,0,0,0,0,28920040,0.5784008,11.447696,67
1118,node-655,relay,0,462809,43504046,0,0,0,0,43504046,0.87008092,17.229824,67,289660,27228040,0,0,0,0,27228040,0.5445608,10.79496,67
1119,node-656,relay,0,409356,38479464,0,0,0,0,38479464,0.76958928,15.238528,67,262446,24669924,0,0,0,0,24669924,0.49339848000000003,9.766224,67
1120,node-657,relay,0,267229,25119526,0,0,0,0,25119526,0.5023905200000001,9.948208,67,361166,33949604,0,0,0,0,33949604,0.67899208,13.451024,67
1121,node-658,relay,0,1514054,142321076,0,0,0,0,142321076,2.8464215200000003,56.375936,67,366335,34435490,0,0,0,0,34435490,0.6887098,13.63,67
1122,node-659,relay,0,1485701,139655894,0,0,0,0,139655894,2.7931178799999996,55.31712,67,302571,28441674,0,0,0,0,28441674,0.56883348,11.266464,71
1123,node-66,relay,0,275671,25913074,0,0,0,0,25913074,0.51826148,10.263296,67,307706,28924364,0,0,0,0,28924364,0.57848728,11.462736,67
1124,node-660,relay,0,237814,22354516,0,0,0,0,22354516,0.44709032,8.8548,67,375474,35294556,0,0,0,0,35294556,0.70589112,13.97592,67
1125,node-661,relay,0,240374,22595156,0,0,0,0,22595156,0.45190312,8.948048,67,353523,33231162,0,0,0,0,33231162,0.66462324,13.16376,67
1126,node-662,relay,0,293888,27625472,0,0,0,0,27625472,0.55250944,10.940096,67,361711,34000834,0,0,0,0,34000834,0.6800166799999999,13.474336,67
1127,node-663,relay,0,285133,26802502,0,0,0,0,26802502,0.53605004,10.615984,67,298509,28059846,0,0,0,0,28059846,0.56119692,11.1108,67
1128,node-664,relay,0,240631,22619314,0,0,0,0,22619314,0.45238628,8.957824,67,325488,30595872,0,0,0,0,30595872,0.61191744,12.11096,67
1129,node-665,relay,0,284768,26768192,0,0,0,0,26768192,0.53536384,10.603952,67,352480,33133120,0,0,0,0,33133120,0.6626624,13.108112,67
1130,node-666,relay,0,275847,25929618,0,0,0,0,25929618,0.51859236,10.273072,67,299982,28198308,0,0,0,0,28198308,0.56396616,11.173968,67
1131,node-667,relay,0,249029,23408726,0,0,0,0,23408726,0.46817452000000004,9.27216,67,353234,33203996,0,0,0,0,33203996,0.6640799199999999,13.160752,67
1132,node-668,relay,0,231461,21757334,0,0,0,0,21757334,0.43514668,8.615664,67,344841,32415054,0,0,0,0,32415054,0.64830108,12.842656,67
1133,node-669,relay,0,248469,23356086,0,0,0,0,23356086,0.46712172,9.248096,67,298895,28096130,0,0,0,0,28096130,0.5619225999999999,11.14088,67
1134,node-67,relay,0,346888,32607472,0,0,0,0,32607472,0.6521494400000001,12.912592,67,388049,36476606,0,0,0,0,36476606,0.7295321199999999,14.447424,67
1135,node-670,relay,0,320480,30125120,0,0,0,0,30125120,0.6025024,11.932736,67,380063,35725922,0,0,0,0,35725922,0.71451844,14.159408,67
1136,node-671,relay,0,267303,25126482,0,0,0,0,25126482,0.50252964,9.951968,67,343498,32288812,0,0,0,0,32288812,0.64577624,12.786256,67
1137,node-672,relay,0,257630,24217220,0,0,0,0,24217220,0.4843444,9.593264,67,291105,27363870,0,0,0,0,27363870,0.5472774,10.825792,67
1138,node-673,relay,0,284829,26773926,0,0,0,0,26773926,0.53547852,10.605456,67,316331,29735114,0,0,0,0,29735114,0.59470228,11.77256,67
1139,node-674,relay,0,276069,25950486,0,0,0,0,25950486,0.51900972,10.27608,67,299827,28183738,0,0,0,0,28183738,0.56367476,11.17096,67
1140,node-675,relay,0,276233,25965902,0,0,0,0,25965902,0.51931804,10.284352,67,353590,33237460,0,0,0,0,33237460,0.6647491999999999,13.168272,67
1141,node-676,relay,0,319945,30074830,0,0,0,0,30074830,0.6014965999999999,11.91168,67,326515,30692410,0,0,0,0,30692410,0.6138482,12.165856,67
1142,node-677,relay,0,338637,31831878,0,0,0,0,31831878,0.63663756,12.608784,67,359531,33795914,0,0,0,0,33795914,0.6759182800000001,13.397632,67
1143,node-678,relay,0,276457,25986958,0,0,0,0,25986958,0.51973916,10.292624,67,334321,31426174,0,0,0,0,31426174,0.62852348,12.448608,67
1144,node-679,relay,0,329622,30984468,0,0,0,0,30984468,0.61968936,12.273392,67,316654,29765476,0,0,0,0,29765476,0.59530952,11.781584,67
1145,node-68,relay,0,969258,91110252,0,0,0,0,91110252,1.82220504,36.089984,67,280224,26341056,0,0,0,0,26341056,0.5268211199999999,10.446784,67
1146,node-680,relay,0,276032,25947008,0,0,0,0,25947008,0.51894016,10.279088,67,316738,29773372,0,0,0,0,29773372,0.59546744,11.778576,67
1147,node-681,relay,0,240553,22611982,0,0,0,0,22611982,0.45223964,8.955568,67,352804,33163576,0,0,0,0,33163576,0.66327152,13.132928,67
1148,node-682,relay,0,329520,30974880,0,0,0,0,30974880,0.6194976,12.271136,67,333136,31314784,0,0,0,0,31314784,0.62629568,12.39672,67
1149,node-683,relay,0,258563,24304922,0,0,0,0,24304922,0.48609844,9.627104,67,298567,28065298,0,0,0,0,28065298,0.56130596,11.1108,67
1150,node-684,relay,0,240727,22628338,0,0,0,0,22628338,0.45256676,8.963088,67,334315,31425610,0,0,0,0,31425610,0.6285122,12.453872,67
1151,node-685,relay,0,275870,25931780,0,0,0,0,25931780,0.5186356,10.270064,67,344788,32410072,0,0,0,0,32410072,0.64820144,12.838896,67
1152,node-686,relay,0,328720,30899680,0,0,0,0,30899680,0.6179936,12.235792,67,290034,27263196,0,0,0,0,27263196,0.54526392,10.793456,67
1153,node-687,relay,0,285310,26819140,0,0,0,0,26819140,0.5363828,10.624256,67,333667,31364698,0,0,0,0,31364698,0.62729396,12.407248,67
1154,node-688,relay,0,267246,25121124,0,0,0,0,25121124,0.50242248,9.950464,67,371141,34887254,0,0,0,0,34887254,0.69774508,13.823264,67
1155,node-689,relay,0,285117,26800998,0,0,0,0,26800998,0.53601996,10.613728,67,370097,34789118,0,0,0,0,34789118,0.69578236,13.778896,67
1156,node-69,relay,0,951937,89482078,0,0,0,0,89482078,1.78964156,35.442512,67,323389,30398566,0,0,0,0,30398566,0.60797132,12.040272,67
1157,node-690,relay,0,285099,26799306,0,0,0,0,26799306,0.53598612,10.615984,67,335270,31515380,0,0,0,0,31515380,0.6303076,12.478688,67
1158,node-691,relay,0,222831,20946114,0,0,0,0,20946114,0.41892228000000004,8.296816,67,307323,28888362,0,0,0,0,28888362,0.57776724,11.43416,67
1159,node-692,relay,0,249267,23431098,0,0,0,0,23431098,0.46862195999999995,9.280432,67,326037,30647478,0,0,0,0,30647478,0.61294956,12.144048,67
1160,node-693,relay,0,266987,25096778,0,0,0,0,25096778,0.5019355600000001,9.938432,67,325144,30563536,0,0,0,0,30563536,0.6112707199999999,12.101184,67
1161,node-694,relay,0,303109,28492246,0,0,0,0,28492246,0.56984492,11.286016,67,280406,26358164,0,0,0,0,26358164,0.52716328,10.435504,67
1162,node-695,relay,0,285259,26814346,0,0,0,0,26814346,0.53628692,10.622752,67,405787,38143978,0,0,0,0,38143978,0.7628795599999999,15.091136,67
1163,node-696,relay,0,338825,31849550,0,0,0,0,31849550,0.636991,12.617056,67,352353,33121182,0,0,0,0,33121182,0.66242364,13.108864,67
1164,node-697,relay,0,240733,22628902,0,0,0,0,22628902,0.45257804,8.963088,67,362378,34063532,0,0,0,0,34063532,0.68127064,13.503664,67
1165,node-698,relay,0,221411,20812634,0,0,0,0,20812634,0.41625268,8.242672,67,318163,29907322,0,0,0,0,29907322,0.5981464400000001,11.846256,67
1166,node-699,relay,0,247858,23298652,0,0,0,0,23298652,0.46597304,9.221776,67,300037,28203478,0,0,0,0,28203478,0.56406956,11.188256,67
1167,node-7,relay,0,276696,26009424,0,0,0,0,26009424,0.52018848,10.3024,67,308689,29016766,0,0,0,0,29016766,0.58033532,11.489808,67
1168,node-70,relay,0,944567,88789298,0,0,0,0,88789298,1.77578596,35.17104,67,342480,32193120,0,0,0,0,32193120,0.6438624000000001,12.737376,67
1169,node-700,relay,0,267422,25137668,0,0,0,0,25137668,0.50275336,9.957232,67,334161,31411134,0,0,0,0,31411134,0.62822268,12.443344,67
1170,node-701,relay,0,222425,20907950,0,0,0,0,20907950,0.418159,8.280272,67,315614,29667716,0,0,0,0,29667716,0.59335432,11.750752,67
1171,node-702,relay,0,249356,23439464,0,0,0,0,23439464,0.46878928000000003,9.282688,67,263990,24815060,0,0,0,0,24815060,0.4963012,9.833904,67
1172,node-703,relay,0,267316,25127704,0,0,0,0,25127704,0.50255408,9.951968,67,351920,33080480,0,0,0,0,33080480,0.6616096,13.11488,67
1173,node-704,relay,0,294204,27655176,0,0,0,0,27655176,0.5531035200000001,10.95288,67,280792,26394448,0,0,0,0,26394448,0.52788896,10.449792,67
1174,node-705,relay,0,285043,26794042,0,0,0,0,26794042,0.53588084,10.613728,67,272857,25648558,0,0,0,0,25648558,0.51297116,10.147488,67
1175,node-706,relay,0,258256,24276064,0,0,0,0,24276064,0.48552128000000006,9.61432,67,334877,31478438,0,0,0,0,31478438,0.6295687600000001,12.4644,67
1176,node-707,relay,0,258289,24279166,0,0,0,0,24279166,0.48558332,9.615072,67,343526,32291444,0,0,0,0,32291444,0.6458288799999999,12.785504,67
1177,node-708,relay,0,276396,25981224,0,0,0,0,25981224,0.51962448,10.291872,67,317435,29838890,0,0,0,0,29838890,0.5967778,11.812416,67
1178,node-709,relay,0,257959,24248146,0,0,0,0,24248146,0.48496291999999996,9.604544,67,379784,35699696,0,0,0,0,35699696,0.7139939200000001,14.146624,67
1179,node-71,relay,0,933353,87735182,0,0,0,0,87735182,1.7547036399999998,34.752176,67,305538,28720572,0,0,0,0,28720572,0.57441144,11.383776,67
1180,node-710,relay,0,276345,25976430,0,0,0,0,25976430,0.5195286,10.288112,67,387105,36387870,0,0,0,0,36387870,0.7277574,14.42336,67
1181,node-711,relay,0,293798,27617012,0,0,0,0,27617012,0.5523402399999999,10.942352,67,280886,26403284,0,0,0,0,26403284,0.52806568,10.46032,67
1182,node-712,relay,0,267294,25125636,0,0,0,0,25125636,0.50251272,9.951968,67,353368,33216592,0,0,0,0,33216592,0.66433184,13.14872,67
1183,node-713,relay,0,276116,25954904,0,0,0,0,25954904,0.51909808,10.282096,67,360364,33874216,0,0,0,0,33874216,0.6774843199999999,13.420944,67
1184,node-714,relay,0,267250,25121500,0,0,0,0,25121500,0.50243,9.949712,67,334958,31486052,0,0,0,0,31486052,0.6297210400000001,12.473424,67
1185,node-715,relay,0,256711,24130834,0,0,0,0,24130834,0.48261668,9.554912,67,326289,30671166,0,0,0,0,30671166,0.61342332,12.162096,67
1186,node-716,relay,0,231756,21785064,0,0,0,0,21785064,0.43570127999999997,8.6292,67,405997,38163718,0,0,0,0,38163718,0.76327436,15.119712,67
1187,node-717,relay,0,1391798,130829012,0,0,0,0,130829012,2.6165802400000002,51.821824,67,369914,34771916,0,0,0,0,34771916,0.6954383199999999,13.773632,67
1188,node-718,relay,0,1346843,126603242,0,0,0,0,126603242,2.53206484,50.149376,67,343602,32298588,0,0,0,0,32298588,0.64597176,12.790016,67
1189,node-719,relay,0,1372483,129013402,0,0,0,0,129013402,2.5802680400000004,51.107424,67,335171,31506074,0,0,0,0,31506074,0.63012148,12.486208,67
1190,node-72,relay,0,882097,82917118,0,0,0,0,82917118,1.65834236,32.845856,67,323265,30386910,0,0,0,0,30386910,0.6077382,12.026736,67
1191,node-720,relay,0,1364883,128299002,0,0,0,0,128299002,2.56598004,50.82016,67,324770,30528380,0,0,0,0,30528380,0.6105676,12.086144,67
1192,node-721,relay,0,1292861,121528934,0,0,0,0,121528934,2.43057868,48.13928,67,342548,32199512,0,0,0,0,32199512,0.6439902399999999,12.753168,67
1193,node-722,relay,0,1382541,129958854,0,0,0,0,129958854,2.59917708,51.47816,67,325197,30568518,0,0,0,0,30568518,0.61137036,12.107952,67
1194,node-723,relay,0,1382565,129961110,0,0,0,0,129961110,2.5992222,51.477408,67,325323,30580362,0,0,0,0,30580362,0.61160724,12.115472,67
1195,node-724,relay,0,1390945,130748830,0,0,0,0,130748830,2.6149766,51.787984,67,290366,27294404,0,0,0,0,27294404,0.54588808,10.812256,67
1196,node-725,relay,0,1381392,129850848,0,0,0,0,129850848,2.5970169600000004,51.443568,67,290341,27292054,0,0,0,0,27292054,0.54584108,10.808496,67
1197,node-726,relay,0,1346972,126615368,0,0,0,0,126615368,2.53230736,50.151632,67,343346,32274524,0,0,0,0,32274524,0.64549048,12.790016,67
1198,node-727,relay,0,275916,25936104,0,0,0,0,25936104,0.51872208,10.274576,67,352518,33136692,0,0,0,0,33136692,0.6627338399999999,13.129168,67
1199,node-728,relay,0,231001,21714094,0,0,0,0,21714094,0.43428188,8.60288,67,352564,33141016,0,0,0,0,33141016,0.66282032,13.126912,67
1200,node-729,relay,0,249243,23428842,0,0,0,0,23428842,0.46857684,9.280432,67,343834,32320396,0,0,0,0,32320396,0.64640792,12.804304,67
1201,node-73,relay,0,898801,84487294,0,0,0,0,84487294,1.68974588,33.461744,67,307663,28920322,0,0,0,0,28920322,0.57840644,11.469504,67
1202,node-730,relay,0,311369,29268686,0,0,0,0,29268686,0.58537372,11.593584,67,379386,35662284,0,0,0,0,35662284,0.71324568,14.123312,67
1203,node-731,relay,0,310330,29171020,0,0,0,0,29171020,0.5834204,11.553728,67,353318,33211892,0,0,0,0,33211892,0.66423784,13.151728,67
1204,node-732,relay,0,293847,27621618,0,0,0,0,27621618,0.5524323600000001,10.940096,67,316830,29782020,0,0,0,0,29782020,0.5956404,11.796624,67
1205,node-733,relay,0,231070,21720580,0,0,0,0,21720580,0.4344116,8.604384,67,344178,32352732,0,0,0,0,32352732,0.64705464,12.811824,67
1206,node-734,relay,0,293593,27597742,0,0,0,0,27597742,0.5519548400000001,10.932576,67,362182,34045108,0,0,0,0,34045108,0.68090216,13.482608,67
1207,node-735,relay,0,292661,27510134,0,0,0,0,27510134,0.55020268,10.895728,67,326739,30713466,0,0,0,0,30713466,0.61426932,12.168864,67
1208,node-736,relay,0,248692,23377048,0,0,0,0,23377048,0.46754095999999995,9.25712,67,308675,29015450,0,0,0,0,29015450,0.5803090000000001,11.495072,67
1209,node-737,relay,0,311645,29294630,0,0,0,0,29294630,0.5858926,11.604112,67,370854,34860276,0,0,0,0,34860276,0.69720552,13.813488,67
1210,node-738,relay,0,275624,25908656,0,0,0,0,25908656,0.51817312,10.259536,67,352909,33173446,0,0,0,0,33173446,0.66346892,13.139696,67
1211,node-739,relay,0,274896,25840224,0,0,0,0,25840224,0.51680448,10.235472,67,308806,29027764,0,0,0,0,29027764,0.58055528,11.50184,67
1212,node-74,relay,0,311064,29240016,0,0,0,0,29240016,0.58480032,11.581552,67,369059,34691546,0,0,0,0,34691546,0.69383092,13.744304,67
1213,node-740,relay,0,293285,27568790,0,0,0,0,27568790,0.5513758,10.917536,67,317236,29820184,0,0,0,0,29820184,0.59640368,11.809408,67
1214,node-741,relay,0,275246,25873124,0,0,0,0,25873124,0.5174624800000001,10.246752,67,335643,31550442,0,0,0,0,31550442,0.63100884,12.497488,67
1215,node-742,relay,0,274712,25822928,0,0,0,0,25822928,0.51645856,10.2272,67,316613,29761622,0,0,0,0,29761622,0.59523244,11.79136,67
1216,node-743,relay,0,222402,20905788,0,0,0,0,20905788,0.41811576,8.280272,67,317339,29829866,0,0,0,0,29829866,0.59659732,11.81768,67
1217,node-744,relay,0,274581,25810614,0,0,0,0,25810614,0.51621228,10.225696,67,264067,24822298,0,0,0,0,24822298,0.49644596,9.834656,67
1218,node-745,relay,0,293436,27582984,0,0,0,0,27582984,0.55165968,10.92656,67,290480,27305120,0,0,0,0,27305120,0.5461024,10.820528,67
1219,node-746,relay,0,213349,20054806,0,0,0,0,20054806,0.40109612,7.942624,67,335364,31524216,0,0,0,0,31524216,0.63048432,12.4832,67
1220,node-747,relay,0,301450,28336300,0,0,0,0,28336300,0.5667260000000001,11.224352,67,379873,35708062,0,0,0,0,35708062,0.7141612399999999,14.151136,67
1221,node-748,relay,0,266903,25088882,0,0,0,0,25088882,0.50177764,9.939184,67,289888,27249472,0,0,0,0,27249472,0.54498944,10.795712,67
1222,node-749,relay,0,267273,25123662,0,0,0,0,25123662,0.50247324,9.95272,67,361481,33979214,0,0,0,0,33979214,0.6795842799999999,13.457792,67
1223,node-75,relay,0,301873,28376062,0,0,0,0,28376062,0.56752124,11.240896,67,333896,31386224,0,0,0,0,31386224,0.6277244799999999,12.429056,67
1224,node-750,relay,0,274909,25841446,0,0,0,0,25841446,0.51682892,10.235472,67,299581,28160614,0,0,0,0,28160614,0.56321228,11.156672,67
1225,node-751,relay,0,204469,19220086,0,0,0,0,19220086,0.38440171999999995,7.615504,67,388267,36497098,0,0,0,0,36497098,0.72994196,14.4572,67
1226,node-752,relay,0,276405,25982070,0,0,0,0,25982070,0.5196414,10.292624,67,351407,33032258,0,0,0,0,33032258,0.66064516,13.082544,67
1227,node-753,relay,0,248847,23391618,0,0,0,0,23391618,0.46783236,9.267648,67,271669,25536886,0,0,0,0,25536886,0.51073772,10.107632,67
1228,node-754,relay,0,266654,25065476,0,0,0,0,25065476,0.50130952,9.927904,67,298914,28097916,0,0,0,0,28097916,0.56195832,11.13336,67
1229,node-755,relay,0,248945,23400830,0,0,0,0,23400830,0.4680166,9.2684,67,343770,32314380,0,0,0,0,32314380,0.6462876,12.80656,67
1230,node-756,relay,0,266117,25014998,0,0,0,0,25014998,0.50029996,9.9076,67,255293,23997542,0,0,0,0,23997542,0.47995084,9.50904,67
1231,node-757,relay,0,256389,24100566,0,0,0,0,24100566,0.48201132,9.545888,67,352769,33160286,0,0,0,0,33160286,0.66320572,13.147216,67
1232,node-758,relay,0,221583,20828802,0,0,0,0,20828802,0.41657604,8.250192,67,290959,27350146,0,0,0,0,27350146,0.54700292,10.837824,67
1233,node-759,relay,0,249347,23438618,0,0,0,0,23438618,0.46877236000000005,9.284192,67,334441,31437454,0,0,0,0,31437454,0.62874908,12.45312,67
1234,node-76,relay,0,337305,31706670,0,0,0,0,31706670,0.6341334,12.561408,67,272968,25658992,0,0,0,0,25658992,0.51317984,10.167792,67
1235,node-760,relay,0,248691,23376954,0,0,0,0,23376954,0.46753908000000005,9.262384,67,325985,30642590,0,0,0,0,30642590,0.6128518,12.1448,67
1236,node-761,relay,0,267172,25114168,0,0,0,0,25114168,0.50228336,9.94896,67,352102,33097588,0,0,0,0,33097588,0.66195176,13.108864,67
1237,node-762,relay,0,257902,24242788,0,0,0,0,24242788,0.48485576,9.604544,67,316850,29783900,0,0,0,0,29783900,0.5956779999999999,11.801136,67
1238,node-763,relay,0,249271,23431474,0,0,0,0,23431474,0.46862948000000004,9.281184,67,353046,33186324,0,0,0,0,33186324,0.66372648,13.14872,67
1239,node-764,relay,0,303033,28485102,0,0,0,0,28485102,0.56970204,11.28376,67,351963,33084522,0,0,0,0,33084522,0.66169044,13.102096,67
1240,node-765,relay,0,221709,20840646,0,0,0,0,20840646,0.41681292,8.2532,67,370769,34852286,0,0,0,0,34852286,0.69704572,13.81424,67
1241,node-766,relay,0,248685,23376390,0,0,0,0,23376390,0.4675278,9.257872,67,370896,34864224,0,0,0,0,34864224,0.69728448,13.811232,67
1242,node-767,relay,0,293798,27617012,0,0,0,0,27617012,0.5523402399999999,10.9416,67,326150,30658100,0,0,0,0,30658100,0.613162,12.141792,67
1243,node-768,relay,0,293601,27598494,0,0,0,0,27598494,0.55196988,10.933328,67,343873,32324062,0,0,0,0,32324062,0.64648124,12.805056,67
1244,node-769,relay,0,266833,25082302,0,0,0,0,25082302,0.50164604,9.933168,67,353142,33195348,0,0,0,0,33195348,0.66390696,13.155488,67
1245,node-77,relay,0,257888,24241472,0,0,0,0,24241472,0.48482944000000006,9.59928,67,398065,37418110,0,0,0,0,37418110,0.7483622,14.804624,67
1246,node-770,relay,0,293437,27583078,0,0,0,0,27583078,0.55166156,10.927312,67,308471,28996274,0,0,0,0,28996274,0.57992548,11.48304,67
1247,node-771,relay,0,303069,28488486,0,0,0,0,28488486,0.56976972,11.286016,67,325822,30627268,0,0,0,0,30627268,0.61254536,12.124496,67
1248,node-772,relay,0,266360,25037840,0,0,0,0,25037840,0.5007568,9.918128,67,290269,27285286,0,0,0,0,27285286,0.54570572,10.803232,67
1249,node-773,relay,0,284926,26783044,0,0,0,0,26783044,0.53566088,10.61072,67,299024,28108256,0,0,0,0,28108256,0.56216512,11.131104,67
1250,node-774,relay,0,248928,23399232,0,0,0,0,23399232,0.46798464,9.269152,67,370546,34831324,0,0,0,0,34831324,0.69662648,13.800704,67
1251,node-775,relay,0,275954,25939676,0,0,0,0,25939676,0.51879352,10.275328,67,334988,31488872,0,0,0,0,31488872,0.62977744,12.474928,67
1252,node-776,relay,0,284713,26763022,0,0,0,0,26763022,0.53526044,10.600944,67,335050,31494700,0,0,0,0,31494700,0.6298940000000001,12.46816,67
1253,node-777,relay,0,320399,30117506,0,0,0,0,30117506,0.60235012,11.93048,67,352827,33165738,0,0,0,0,33165738,0.66331476,13.132928,67
1254,node-778,relay,0,293158,27556852,0,0,0,0,27556852,0.55113704,10.917536,67,272618,25626092,0,0,0,0,25626092,0.51252184,10.155008,67
1255,node-779,relay,0,257745,24228030,0,0,0,0,24228030,0.4845606,9.59552,67,326424,30683856,0,0,0,0,30683856,0.61367712,12.168864,67
1256,node-78,relay,0,248613,23369622,0,0,0,0,23369622,0.46739244,9.25336,67,299812,28182328,0,0,0,0,28182328,0.56364656,11.164944,67
1257,node-780,relay,0,292553,27499982,0,0,0,0,27499982,0.54999964,10.891968,67,317741,29867654,0,0,0,0,29867654,0.59735308,11.827456,67
1258,node-781,relay,0,478903,45016882,0,0,0,0,45016882,0.90033764,17.835184,67,299281,28132414,0,0,0,0,28132414,0.56264828,11.13336,67
1259,node-782,relay,0,485934,45677796,0,0,0,0,45677796,0.91355592,18.090864,67,243518,22890692,0,0,0,0,22890692,0.45781384,9.075888,67
1260,node-783,relay,0,504933,47463702,0,0,0,0,47463702,0.9492740399999999,18.795488,67,303596,28538024,0,0,0,0,28538024,0.57076048,11.32512,67
1261,node-784,relay,0,505945,47558830,0,0,0,0,47558830,0.9511766,18.84136,67,325451,30592394,0,0,0,0,30592394,0.61184788,12.120736,67
1262,node-785,relay,0,531730,49982620,0,0,0,0,49982620,0.9996524,19.7964,67,304808,28651952,0,0,0,0,28651952,0.57303904,11.369488,67
1263,node-786,relay,0,576817,54220798,0,0,0,0,54220798,1.08441596,21.475616,67,315906,29695164,0,0,0,0,29695164,0.5939032799999999,11.769552,67
1264,node-787,relay,0,497408,46756352,0,0,0,0,46756352,0.93512704,18.524016,67,284860,26776840,0,0,0,0,26776840,0.5355368,10.590416,67
1265,node-788,relay,0,558772,52524568,0,0,0,0,52524568,1.05049136,20.808592,67,345415,32469010,0,0,0,0,32469010,0.6493802,12.853936,67
1266,node-789,relay,0,531882,49996908,0,0,0,0,49996908,0.9999381599999999,19.801664,67,330257,31044158,0,0,0,0,31044158,0.62088316,12.297456,67
1267,node-79,relay,0,221745,20844030,0,0,0,0,20844030,0.4168806,8.2532,67,317080,29805520,0,0,0,0,29805520,0.5961104,11.79888,67
1268,node-790,relay,0,308866,29033404,0,0,0,0,29033404,0.58066808,11.501088,67,389382,36601908,0,0,0,0,36601908,0.73203816,14.50232,67
1269,node-791,relay,0,940194,88378236,0,0,0,0,88378236,1.76756472,35.002592,67,243900,22926600,0,0,0,0,22926600,0.458532,9.072128,67
1270,node-792,relay,0,922632,86727408,0,0,0,0,86727408,1.73454816,34.35136,67,315859,29690746,0,0,0,0,29690746,0.59381492,11.767296,67
1271,node-793,relay,0,969425,91125950,0,0,0,0,91125950,1.822519,36.097504,67,313061,29427734,0,0,0,0,29427734,0.58855468,11.645472,67
1272,node-794,relay,0,960497,90286718,0,0,0,0,90286718,1.8057343599999998,35.762112,67,349790,32880260,0,0,0,0,32880260,0.6576052,13.017872,67
1273,node-795,relay,0,924986,86948684,0,0,0,0,86948684,1.73897368,34.440096,67,355643,33430442,0,0,0,0,33430442,0.66860884,13.232192,67
1274,node-796,relay,0,923612,86819528,0,0,0,0,86819528,1.73639056,34.385952,67,316681,29768014,0,0,0,0,29768014,0.59536028,11.809408,67
1275,node-797,relay,0,975986,91742684,0,0,0,0,91742684,1.83485368,36.338144,67,324392,30492848,0,0,0,0,30492848,0.60985696,12.08464,67
1276,node-798,relay,0,932948,87697112,0,0,0,0,87697112,1.75394224,34.737888,67,304035,28579290,0,0,0,0,28579290,0.5715858,11.309328,67
1277,node-799,relay,0,325947,30639018,0,0,0,0,30639018,0.61278036,12.13352,67,277484,26083496,0,0,0,0,26083496,0.52166992,10.348272,67
1278,node-8,relay,0,1076931,101231514,0,0,0,0,101231514,2.0246302800000002,40.095136,67,357854,33638276,0,0,0,0,33638276,0.67276552,13.335216,67
1279,node-80,relay,0,258862,24333028,0,0,0,0,24333028,0.48666055999999996,9.638384,67,321180,30190920,0,0,0,0,30190920,0.6038184,11.959056,67
1280,node-800,relay,0,239917,22552198,0,0,0,0,22552198,0.45104396,8.928496,67,308522,29001068,0,0,0,0,29001068,0.58002136,11.477024,67
1281,node-801,relay,0,248757,23383158,0,0,0,0,23383158,0.46766316,9.265392,67,361211,33953834,0,0,0,0,33953834,0.67907668,13.454032,67
1282,node-802,relay,0,266189,25021766,0,0,0,0,25021766,0.50043532,9.914368,67,342640,32208160,0,0,0,0,32208160,0.6441631999999999,12.759184,67
1283,node-803,relay,0,266782,25077508,0,0,0,0,25077508,0.5015501600000001,9.932416,67,297769,27990286,0,0,0,0,27990286,0.5598057200000001,11.085984,67
1284,node-804,relay,0,231721,21781774,0,0,0,0,21781774,0.43563547999999996,8.626192,67,272456,25610864,0,0,0,0,25610864,0.51221728,10.13696,67
1285,node-805,relay,0,276276,25969944,0,0,0,0,25969944,0.51939888,10.28736,67,353034,33185196,0,0,0,0,33185196,0.66370392,13.150224,67
1286,node-806,relay,0,258391,24288754,0,0,0,0,24288754,0.48577508,9.621088,67,316299,29732106,0,0,0,0,29732106,0.59464212,11.784592,67
1287,node-807,relay,0,276029,25946726,0,0,0,0,25946726,0.5189345200000001,10.278336,67,316830,29782020,0,0,0,0,29782020,0.5956404,11.82144,67
1288,node-808,relay,0,283949,26691206,0,0,0,0,26691206,0.53382412,10.572368,67,316572,29757768,0,0,0,0,29757768,0.59515536,11.7876,67
1289,node-809,relay,0,285118,26801092,0,0,0,0,26801092,0.53602184,10.616736,67,326464,30687616,0,0,0,0,30687616,0.61375232,12.158336,67
1290,node-81,relay,0,223127,20973938,0,0,0,0,20973938,0.41947876,8.308096,67,312300,29356200,0,0,0,0,29356200,0.587124,11.628176,67
1291,node-810,relay,0,258259,24276346,0,0,0,0,24276346,0.48552692000000003,9.61432,67,369877,34768438,0,0,0,0,34768438,0.69536876,13.770624,67
1292,node-811,relay,0,258109,24262246,0,0,0,0,24262246,0.48524492,9.607552,67,324417,30495198,0,0,0,0,30495198,0.60990396,12.090656,67
1293,node-812,relay,0,311346,29266524,0,0,0,0,29266524,0.58533048,11.591328,67,289861,27246934,0,0,0,0,27246934,0.54493868,10.791952,67
1294,node-813,relay,0,249253,23429782,0,0,0,0,23429782,0.46859564,9.280432,67,245795,23104730,0,0,0,0,23104730,0.4620946,9.15184,67
1295,node-814,relay,0,258617,24309998,0,0,0,0,24309998,0.48619996,9.62936,67,317643,29858442,0,0,0,0,29858442,0.59716884,11.822192,67
1296,node-815,relay,0,258123,24263562,0,0,0,0,24263562,0.48527124,9.606048,67,362637,34087878,0,0,0,0,34087878,0.6817575600000001,13.507424,67
1297,node-816,relay,0,284901,26780694,0,0,0,0,26780694,0.53561388,10.604704,67,308096,28961024,0,0,0,0,28961024,0.5792204799999999,11.476272,67
1298,node-817,relay,0,222439,20909266,0,0,0,0,20909266,0.41818531999999997,8.280272,67,371777,34947038,0,0,0,0,34947038,0.6989407599999999,13.8556,67
1299,node-818,relay,0,240522,22609068,0,0,0,0,22609068,0.45218136000000003,8.95256,67,379453,35668582,0,0,0,0,35668582,0.71337164,14.136848,67
1300,node-819,relay,0,248561,23364734,0,0,0,0,23364734,0.46729467999999996,9.251856,67,334863,31477122,0,0,0,0,31477122,0.62954244,12.474176,67
1301,node-82,relay,0,276737,26013278,0,0,0,0,26013278,0.52026556,10.303904,67,312445,29369830,0,0,0,0,29369830,0.5873966,11.63344,67
1302,node-820,relay,0,204575,19230050,0,0,0,0,19230050,0.38460099999999997,7.616256,67,344052,32340888,0,0,0,0,32340888,0.64681776,12.81032,67
1303,node-821,relay,0,266600,25060400,0,0,0,0,25060400,0.501208,9.924896,67,245075,23037050,0,0,0,0,23037050,0.460741,9.130032,67
1304,node-822,relay,0,276368,25978592,0,0,0,0,25978592,0.51957184,10.288864,67,325659,30611946,0,0,0,0,30611946,0.61223892,12.126752,67
1305,node-823,relay,0,301681,28358014,0,0,0,0,28358014,0.56716028,11.228112,67,343261,32266534,0,0,0,0,32266534,0.64533068,12.799792,67
1306,node-824,relay,0,266756,25075064,0,0,0,0,25075064,0.50150128,9.93392,67,298967,28102898,0,0,0,0,28102898,0.56205796,11.142384,67
1307,node-825,relay,0,258197,24270518,0,0,0,0,24270518,0.48541036,9.609056,67,335042,31493948,0,0,0,0,31493948,0.62987896,12.47568,67
1308,node-826,relay,0,258363,24286122,0,0,0,0,24286122,0.48572244,9.618832,67,343914,32327916,0,0,0,0,32327916,0.64655832,12.805808,67
1309,node-827,relay,0,293874,27624156,0,0,0,0,27624156,0.55248312,10.940096,67,430709,40486646,0,0,0,0,40486646,0.80973292,16.023616,67
1310,node-828,relay,0,320992,30173248,0,0,0,0,30173248,0.60346496,11.952288,67,333523,31351162,0,0,0,0,31351162,0.62702324,12.412512,67
1311,node-829,relay,0,267502,25145188,0,0,0,0,25145188,0.50290376,9.957984,67,325879,30632626,0,0,0,0,30632626,0.6126525199999999,12.13352,67
1312,node-83,relay,0,267369,25132686,0,0,0,0,25132686,0.50265372,9.955728,67,401667,37756698,0,0,0,0,37756698,0.75513396,14.954272,67
1313,node-830,relay,0,258498,24298812,0,0,0,0,24298812,0.48597624000000006,9.624096,67,325503,30597282,0,0,0,0,30597282,0.61194564,12.12224,67
1314,node-831,relay,0,266797,25078918,0,0,0,0,25078918,0.50157836,9.932416,67,334979,31488026,0,0,0,0,31488026,0.62976052,12.471168,67
1315,node-832,relay,0,221808,20849952,0,0,0,0,20849952,0.41699904,8.255456,67,281930,26501420,0,0,0,0,26501420,0.5300284,10.491152,67
1316,node-833,relay,0,282433,26548702,0,0,0,0,26548702,0.5309740399999999,10.51672,67,307763,28929722,0,0,0,0,28929722,0.57859444,11.461232,67
1317,node-834,relay,0,249196,23424424,0,0,0,0,23424424,0.46848848,9.278176,67,387565,36431110,0,0,0,0,36431110,0.7286221999999999,14.430128,67
1318,node-835,relay,0,328728,30900432,0,0,0,0,30900432,0.61800864,12.240304,67,386948,36373112,0,0,0,0,36373112,0.7274622399999999,14.399296,67
1319,node-836,relay,0,320532,30130008,0,0,0,0,30130008,0.60260016,11.93424,67,353026,33184444,0,0,0,0,33184444,0.66368888,13.144208,67
1320,node-837,relay,0,415124,39021656,0,0,0,0,39021656,0.78043312,15.454352,67,279413,26264822,0,0,0,0,26264822,0.52529644,10.412192,67
1321,node-838,relay,0,308585,29006990,0,0,0,0,29006990,0.5801398,11.483792,67,288667,27134698,0,0,0,0,27134698,0.54269396,10.74232,67
1322,node-839,relay,0,381014,35815316,0,0,0,0,35815316,0.71630632,14.18272,67,412925,38814950,0,0,0,0,38814950,0.7762990000000001,15.376896,67
1323,node-84,relay,0,320965,30170710,0,0,0,0,30170710,0.6034142,11.952288,67,303518,28530692,0,0,0,0,28530692,0.5706138399999999,11.301056,67
1324,node-840,relay,0,397544,37369136,0,0,0,0,37369136,0.74738272,14.801616,67,333431,31342514,0,0,0,0,31342514,0.62685028,12.41176,67
1325,node-841,relay,0,335044,31494136,0,0,0,0,31494136,0.62988272,12.47192,67,352210,33107740,0,0,0,0,33107740,0.6621548,13.11488,67
1326,node-842,relay,0,372526,35017444,0,0,0,0,35017444,0.70034888,13.869888,67,350510,32947940,0,0,0,0,32947940,0.6589588000000001,13.0472,67
1327,node-843,relay,0,265345,24942430,0,0,0,0,24942430,0.49884860000000003,9.87752,67,367571,34551674,0,0,0,0,34551674,0.69103348,13.684896,67
1328,node-844,relay,0,523057,49167358,0,0,0,0,49167358,0.98334716,19.473792,67,278898,26216412,0,0,0,0,26216412,0.52432824,10.399408,67
1329,node-845,relay,0,512995,48221530,0,0,0,0,48221530,0.9644306,19.102304,67,368787,34665978,0,0,0,0,34665978,0.6933195600000001,13.730768,67
1330,node-846,relay,0,550071,51706674,0,0,0,0,51706674,1.03413348,20.48448,67,306433,28804702,0,0,0,0,28804702,0.57609404,11.403328,67
1331,node-847,relay,0,584528,54945632,0,0,0,0,54945632,1.09891264,21.765888,67,352749,33158406,0,0,0,0,33158406,0.66316812,13.129168,67
1332,node-848,relay,0,549873,51688062,0,0,0,0,51688062,1.03376124,20.473952,67,278299,26160106,0,0,0,0,26160106,0.52320212,10.370832,67
1333,node-849,relay,0,495868,46611592,0,0,0,0,46611592,0.93223184,18.460096,67,325096,30559024,0,0,0,0,30559024,0.61118048,12.112464,67
1334,node-85,relay,0,258883,24335002,0,0,0,0,24335002,0.48670004,9.639136,67,267810,25174140,0,0,0,0,25174140,0.5034828,9.97152,67
1335,node-850,relay,0,513615,48279810,0,0,0,0,48279810,0.9655961999999999,19.122608,67,357847,33637618,0,0,0,0,33637618,0.67275236,13.326944,67
1336,node-851,relay,0,257899,24242506,0,0,0,0,24242506,0.48485012,9.598528,67,326579,30698426,0,0,0,0,30698426,0.61396852,12.157584,67
1337,node-852,relay,0,248855,23392370,0,0,0,0,23392370,0.46784739999999997,9.267648,67,316511,29752034,0,0,0,0,29752034,0.59504068,11.789104,67
1338,node-853,relay,0,258102,24261588,0,0,0,0,24261588,0.48523176,9.609808,67,299094,28114836,0,0,0,0,28114836,0.56229672,11.1296,67
1339,node-854,relay,0,292794,27522636,0,0,0,0,27522636,0.55045272,10.90024,67,395230,37151620,0,0,0,0,37151620,0.7430324,14.70912,67
1340,node-855,relay,0,327221,30758774,0,0,0,0,30758774,0.61517548,12.183152,67,332860,31288840,0,0,0,0,31288840,0.6257768,12.398976,67
1341,node-856,relay,0,258116,24262904,0,0,0,0,24262904,0.48525808,9.609056,67,370936,34867984,0,0,0,0,34867984,0.69735968,13.771376,67
1342,node-857,relay,0,1131096,106323024,0,0,0,0,106323024,2.12646048,42.118768,67,307964,28948616,0,0,0,0,28948616,0.57897232,11.454464,67
1343,node-858,relay,0,263057,24727358,0,0,0,0,24727358,0.49454716,9.794048,67,252832,23766208,0,0,0,0,23766208,0.47532416,9.42256,67
1344,node-859,relay,0,266343,25036242,0,0,0,0,25036242,0.5007248400000001,9.92264,67,362602,34084588,0,0,0,0,34084588,0.68169176,13.499904,67
1345,node-86,relay,0,303518,28530692,0,0,0,0,28530692,0.5706138399999999,11.301056,67,249956,23495864,0,0,0,0,23495864,0.46991728,9.306,67
1346,node-860,relay,0,320686,30144484,0,0,0,0,30144484,0.60288968,11.938752,67,307988,28950872,0,0,0,0,28950872,0.57901744,11.47552,67
1347,node-861,relay,0,319840,30064960,0,0,0,0,30064960,0.6012992,11.91544,67,343557,32294358,0,0,0,0,32294358,0.64588716,12.783248,67
1348,node-862,relay,0,391144,36767536,0,0,0,0,36767536,0.73535072,14.565488,67,388618,36530092,0,0,0,0,36530092,0.7306018400000001,14.476752,67
1349,node-863,relay,0,248994,23405436,0,0,0,0,23405436,0.46810872000000003,9.270656,67,343983,32334402,0,0,0,0,32334402,0.6466880399999999,12.804304,67
1350,node-864,relay,0,258883,24335002,0,0,0,0,24335002,0.48670004,9.639136,67,330299,31048106,0,0,0,0,31048106,0.6209621200000001,12.298208,67
1351,node-865,relay,0,276675,26007450,0,0,0,0,26007450,0.520149,10.301648,67,348050,32716700,0,0,0,0,32716700,0.6543340000000001,12.959216,67
1352,node-866,relay,0,267748,25168312,0,0,0,0,25168312,0.50336624,9.969264,67,303454,28524676,0,0,0,0,28524676,0.57049352,11.2988,67
1353,node-867,relay,0,267810,25174140,0,0,0,0,25174140,0.5034828,9.97152,67,285664,26852416,0,0,0,0,26852416,0.53704832,10.636288,67
1354,node-868,relay,0,267810,25174140,0,0,0,0,25174140,0.5034828,9.97152,67,392788,36922072,0,0,0,0,36922072,0.73844144,14.624896,67
1355,node-869,relay,0,267810,25174140,0,0,0,0,25174140,0.5034828,9.97152,67,267810,25174140,0,0,0,0,25174140,0.5034828,9.97152,67
1356,node-87,relay,0,240841,22639054,0,0,0,0,22639054,0.45278108000000006,8.9676,67,303518,28530692,0,0,0,0,28530692,0.5706138399999999,11.299552,67
1357,node-870,relay,0,214248,20139312,0,0,0,0,20139312,0.40278624,7.977216,67,312312,29357328,0,0,0,0,29357328,0.58714656,11.628928,67
1358,node-871,relay,0,241008,22654752,0,0,0,0,22654752,0.45309503999999995,8.973616,67,294460,27679240,0,0,0,0,27679240,0.5535848,10.96416,67
1359,node-872,relay,0,276621,26002374,0,0,0,0,26002374,0.52004748,10.299392,67,321118,30185092,0,0,0,0,30185092,0.60370184,11.9568,67
1360,node-873,relay,0,321073,30180862,0,0,0,0,30180862,0.60361724,11.954544,67,302971,28479274,0,0,0,0,28479274,0.56958548,11.28,67
1361,node-874,BP,68971512,8948,841112,0,0,0,0,841112,0.01682224,0.333136,67,16875,1586250,0,0,0,0,1586250,0.031724999999999996,0.632432,67
1362,node-875,BP,68724666,8948,841112,0,0,0,0,841112,0.01682224,0.333136,67,16773,1576662,0,0,0,0,1576662,0.03153324,0.629424,67
1363,node-876,BP,68602517,8948,841112,0,0,0,0,841112,0.01682224,0.333136,67,16272,1529568,0,0,0,0,1529568,0.03059136,0.603104,67
1364,node-877,BP,67685310,8948,841112,0,0,0,0,841112,0.01682224,0.333136,67,16703,1570082,0,0,0,0,1570082,0.03140164,0.623408,67
1365,node-878,BP,67516046,8948,841112,0,0,0,0,841112,0.01682224,0.333136,67,16286,1530884,0,0,0,0,1530884,0.030617679999999998,0.60536,71
1366,node-879,BP,70186294,8948,841112,0,0,0,0,841112,0.01682224,0.333136,67,17394,1635036,0,0,0,0,1635036,0.032700719999999996,0.645968,67
1367,node-88,relay,0,240550,22611700,0,0,0,0,22611700,0.45223399999999997,8.955568,67,312445,29369830,0,0,0,0,29369830,0.5873966,11.610128,67
1368,node-880,relay,0,276020,25945880,0,0,0,0,25945880,0.5189176,10.279088,67,325246,30573124,0,0,0,0,30573124,0.61146248,12.104192,67
1369,node-881,relay,0,293974,27633556,0,0,0,0,27633556,0.55267112,10.947616,67,262128,24640032,0,0,0,0,24640032,0.49280064,9.769984,67
1370,node-882,relay,0,301357,28327558,0,0,0,0,28327558,0.5665511599999999,11.221344,67,289969,27257086,0,0,0,0,27257086,0.54514172,10.789696,67
1371,node-883,relay,0,303048,28486512,0,0,0,0,28486512,0.56973024,11.284512,67,316194,29722236,0,0,0,0,29722236,0.5944447199999999,11.778576,67
1372,node-884,relay,0,258391,24288754,0,0,0,0,24288754,0.48577508,9.621088,67,315960,29700240,0,0,0,0,29700240,0.5940048,11.764288,67
1373,node-885,relay,0,285598,26846212,0,0,0,0,26846212,0.53692424,10.63328,67,378702,35597988,0,0,0,0,35597988,0.71195976,14.104512,67
1374,node-886,relay,0,258448,24294112,0,0,0,0,24294112,0.48588223999999997,9.624848,67,326285,30670790,0,0,0,0,30670790,0.6134158,12.155328,67
1375,node-887,relay,0,311253,29257782,0,0,0,0,29257782,0.58515564,11.594336,67,317620,29856280,0,0,0,0,29856280,0.5971256,11.819184,67
1376,node-888,relay,0,267154,25112476,0,0,0,0,25112476,0.50224952,9.945952,67,298685,28076390,0,0,0,0,28076390,0.5615278,11.1296,67
1377,node-889,relay,0,266358,25037652,0,0,0,0,25037652,0.50075304,9.918128,67,344268,32361192,0,0,0,0,32361192,0.6472238400000001,12.812576,67
1378,node-89,relay,0,294533,27686102,0,0,0,0,27686102,0.55372204,10.967168,67,348153,32726382,0,0,0,0,32726382,0.65452764,12.957712,67
1379,node-890,relay,0,266734,25072996,0,0,0,0,25072996,0.50145992,9.928656,67,344659,32397946,0,0,0,0,32397946,0.64795892,12.83288,67
1380,node-891,relay,0,541237,50876278,0,0,0,0,50876278,1.01752556,20.150592,67,356935,33551890,0,0,0,0,33551890,0.6710378,13.287088,67
1381,node-892,BP,52136232,8929,839326,0,0,0,0,839326,0.01678652,0.333136,67,17286,1624884,0,0,0,0,1624884,0.03249768,0.64296,67
1382,node-893,BP,52079840,8947,841018,0,0,0,0,841018,0.01682036,0.333136,67,17485,1643590,0,0,0,0,1643590,0.0328718,0.651232,67
1383,node-894,BP,51883846,8948,841112,0,0,0,0,841112,0.01682224,0.333136,67,15679,1473826,0,0,0,0,1473826,0.029476520000000003,0.588816,67
1384,node-895,BP,51534241,8948,841112,0,0,0,0,841112,0.01682224,0.333136,67,17200,1616800,0,0,0,0,1616800,0.032336000000000004,0.642208,67
1385,node-896,BP,51436578,8948,841112,0,0,0,0,841112,0.01682224,0.333136,67,17474,1642556,0,0,0,0,1642556,0.03285112,0.649728,67
1386,node-897,BP,18242444,8947,841018,0,0,0,0,841018,0.01682036,0.333136,67,17247,1621218,0,0,0,0,1621218,0.03242436,0.64296,67
1387,node-898,BP,18228972,8947,841018,0,0,0,0,841018,0.01682036,0.333136,67,17337,1629678,0,0,0,0,1629678,0.03259356,0.645968,67
1388,node-899,BP,21260393,8929,839326,0,0,0,0,839326,0.01678652,0.333136,67,17169,1613886,0,0,0,0,1613886,0.032277719999999996,0.636192,67
1389,node-9,relay,0,1148011,107913034,0,0,0,0,107913034,2.1582606799999997,42.746688,67,333209,31321646,0,0,0,0,31321646,0.6264329200000001,12.39296,67
1390,node-90,relay,0,258780,24325320,0,0,0,0,24325320,0.4865064,9.635376,67,339208,31885552,0,0,0,0,31885552,0.63771104,12.624576,67
1391,node-900,BP,21112385,8927,839138,0,0,0,0,839138,0.01678276,0.332384,67,16725,1572150,0,0,0,0,1572150,0.031443,0.62416,67
1392,node-901,BP,21102671,8948,841112,0,0,0,0,841112,0.01682224,0.333136,67,16904,1588976,0,0,0,0,1588976,0.03177952,0.628672,67
1393,node-902,BP,21099952,8947,841018,0,0,0,0,841018,0.01682036,0.333136,67,16621,1562374,0,0,0,0,1562374,0.031247479999999998,0.626416,67
1394,node-903,BP,21012354,8948,841112,0,0,0,0,841112,0.01682224,0.333136,67,16768,1576192,0,0,0,0,1576192,0.03152384,0.621904,67
1395,node-904,BP,20960316,8948,841112,0,0,0,0,841112,0.01682224,0.333136,67,17038,1601572,0,0,0,0,1601572,0.03203144,0.63544,67
1396,node-905,BP,20855783,8948,841112,0,0,0,0,841112,0.01682224,0.333136,67,16184,1521296,0,0,0,0,1521296,0.03042592,0.600096,71
1397,node-906,BP,20830533,8948,841112,0,0,0,0,841112,0.01682224,0.333136,67,16951,1593394,0,0,0,0,1593394,0.03186788,0.629424,71
1398,node-907,BP,20776233,8948,841112,0,0,0,0,841112,0.01682224,0.333136,67,16949,1593206,0,0,0,0,1593206,0.031864119999999996,0.630928,67
1399,node-908,BP,20762574,8948,841112,0,0,0,0,841112,0.01682224,0.333136,67,16426,1544044,0,0,0,0,1544044,0.03088088,0.608368,67
1400,node-909,BP,20656864,8948,841112,0,0,0,0,841112,0.01682224,0.333136,67,16572,1557768,0,0,0,0,1557768,0.03115536,0.618144,67
1401,node-91,relay,0,266957,25093958,0,0,0,0,25093958,0.50187916,9.936928,67,285664,26852416,0,0,0,0,26852416,0.53704832,10.636288,67
1402,node-910,BP,20618529,8948,841112,0,0,0,0,841112,0.01682224,0.333136,67,16243,1526842,0,0,0,0,1526842,0.03053684,0.606864,67
1403,node-911,BP,20544491,8948,841112,0,0,0,0,841112,0.01682224,0.333136,67,16354,1537276,0,0,0,0,1537276,0.030745520000000002,0.60536,235
1404,node-912,BP,20420365,8948,841112,0,0,0,0,841112,0.01682224,0.333136,67,16811,1580234,0,0,0,0,1580234,0.031604679999999996,0.62792,67
1405,node-913,BP,20408306,8948,841112,0,0,0,0,841112,0.01682224,0.333136,67,17015,1599410,0,0,0,0,1599410,0.0319882,0.634688,67
1406,node-914,BP,20383611,8947,841018,0,0,0,0,841018,0.01682036,0.333136,67,16787,1577978,0,0,0,0,1577978,0.03155956,0.624912,67
1407,node-915,BP,18610490,8948,841112,0,0,0,0,841112,0.01682224,0.333136,67,17321,1628174,0,0,0,0,1628174,0.03256348,0.643712,67
1408,node-916,BP,18538131,8947,841018,0,0,0,0,841018,0.01682036,0.333136,67,16533,1554102,0,0,0,0,1554102,0.031082040000000002,0.614384,71
1409,node-917,BP,18340047,8948,841112,0,0,0,0,841112,0.01682224,0.333136,67,17335,1629490,0,0,0,0,1629490,0.0325898,0.645216,67
1410,node-918,BP,18212574,8928,839232,0,0,0,0,839232,0.01678464,0.332384,67,17168,1613792,0,0,0,0,1613792,0.03227584,0.6392,67
1411,node-919,BP,51329749,8947,841018,0,0,0,0,841018,0.01682036,0.333136,67,17263,1622722,0,0,0,0,1622722,0.03245444,0.644464,67
1412,node-92,relay,0,276378,25979532,0,0,0,0,25979532,0.51959064,10.290368,67,348088,32720272,0,0,0,0,32720272,0.65440544,12.96072,67
1413,node-920,BP,18161563,8927,839138,0,0,0,0,839138,0.01678276,0.332384,67,17320,1628080,0,0,0,0,1628080,0.032561599999999996,0.645216,67
1414,node-921,BP,20345479,8927,839138,0,0,0,0,839138,0.01678276,0.332384,67,17175,1614450,0,0,0,0,1614450,0.032289,0.639952,67
1415,node-922,BP,20203234,8927,839138,0,0,0,0,839138,0.01678276,0.332384,67,17183,1615202,0,0,0,0,1615202,0.03230404,0.638448,67
1416,node-923,relay,0,285563,26842922,0,0,0,0,26842922,0.53685844,10.631024,67,317137,29810878,0,0,0,0,29810878,0.5962175599999999,11.801136,67
1417,node-924,relay,0,312114,29338716,0,0,0,0,29338716,0.5867743200000001,11.621408,67,335022,31492068,0,0,0,0,31492068,0.62984136,12.472672,67
1418,node-925,relay,0,267433,25138702,0,0,0,0,25138702,0.5027740399999999,9.958736,67,359971,33837274,0,0,0,0,33837274,0.67674548,13.403648,67
1419,node-926,relay,0,338546,31823324,0,0,0,0,31823324,0.63646648,12.604272,67,282056,26513264,0,0,0,0,26513264,0.53026528,10.503184,67
1420,node-927,relay,0,285081,26797614,0,0,0,0,26797614,0.53595228,10.615232,67,316515,29752410,0,0,0,0,29752410,0.5950482,11.782336,67
1421,node-928,relay,0,195261,18354534,0,0,0,0,18354534,0.36709068,7.271088,67,290494,27306436,0,0,0,0,27306436,0.54612872,10.82504,67
1422,node-929,relay,0,258648,24312912,0,0,0,0,24312912,0.48625824,9.630112,67,299518,28154692,0,0,0,0,28154692,0.5630938400000001,11.15592,67
1423,node-93,relay,0,249337,23437678,0,0,0,0,23437678,0.46875355999999996,9.282688,67,365255,34333970,0,0,0,0,34333970,0.6866794,13.601424,67
1424,node-930,relay,0,294326,27666644,0,0,0,0,27666644,0.55333288,10.95664,67,326026,30646444,0,0,0,0,30646444,0.61292888,12.132016,67
1425,node-931,relay,0,258708,24318552,0,0,0,0,24318552,0.48637104000000003,9.630112,67,315981,29702214,0,0,0,0,29702214,0.59404428,11.758272,67
1426,node-932,relay,0,285187,26807578,0,0,0,0,26807578,0.53615156,10.618992,67,342755,32218970,0,0,0,0,32218970,0.6443793999999999,12.758432,67
1427,node-933,relay,0,284911,26781634,0,0,0,0,26781634,0.53563268,10.612224,67,414244,38938936,0,0,0,0,38938936,0.7787787199999999,15.43856,67
1428,node-934,relay,0,418644,39352536,0,0,0,0,39352536,0.78705072,15.588208,67,324541,30506854,0,0,0,0,30506854,0.61013708,12.086144,67
1429,node-935,relay,0,258239,24274466,0,0,0,0,24274466,0.48548932,9.615824,67,334699,31461706,0,0,0,0,31461706,0.62923412,12.461392,67
1430,node-936,relay,0,311107,29244058,0,0,0,0,29244058,0.58488116,11.580048,67,345035,32433290,0,0,0,0,32433290,0.6486658,12.844912,67
1431,node-937,relay,0,329301,30954294,0,0,0,0,30954294,0.61908588,12.258352,67,351555,33046170,0,0,0,0,33046170,0.6609233999999999,13.080288,67
1432,node-938,relay,0,276454,25986676,0,0,0,0,25986676,0.51973352,10.294128,67,406406,38202164,0,0,0,0,38202164,0.7640432800000001,15.129488,67
1433,node-939,relay,0,239096,22475024,0,0,0,0,22475024,0.44950048000000004,8.899168,67,299615,28163810,0,0,0,0,28163810,0.5632762,11.161184,67
1434,node-94,relay,0,267641,25158254,0,0,0,0,25158254,0.50316508,9.965504,67,356932,33551608,0,0,0,0,33551608,0.67103216,13.288592,67
1435,node-940,relay,0,249068,23412392,0,0,0,0,23412392,0.46824784,9.275168,67,335068,31496392,0,0,0,0,31496392,0.62992784,12.470416,67
1436,node-941,relay,0,266786,25077884,0,0,0,0,25077884,0.50155768,9.935424,67,352764,33159816,0,0,0,0,33159816,0.66319632,13.142704,67
1437,node-942,relay,0,425948,40039112,0,0,0,0,40039112,0.8007822400000001,15.861936,67,278198,26150612,0,0,0,0,26150612,0.52301224,10.363312,67
1438,node-943,relay,0,258471,24296274,0,0,0,0,24296274,0.48592548,9.624096,67,378913,35617822,0,0,0,0,35617822,0.71235644,14.1,67
1439,node-944,relay,0,213642,20082348,0,0,0,0,20082348,0.40164696,7.955408,67,298907,28097258,0,0,0,0,28097258,0.56194516,11.128848,67
1440,node-945,relay,0,427586,40193084,0,0,0,0,40193084,0.80386168,15.91984,67,316968,29794992,0,0,0,0,29794992,0.59589984,11.809408,67
1441,node-946,relay,0,258569,24305486,0,0,0,0,24305486,0.48610971999999997,9.627104,67,326252,30667688,0,0,0,0,30667688,0.61335376,12.147808,67
1442,node-947,relay,0,249916,23492104,0,0,0,0,23492104,0.46984208000000005,9.305248,67,360765,33911910,0,0,0,0,33911910,0.6782382,13.424704,67
1443,node-948,relay,0,267538,25148572,0,0,0,0,25148572,0.50297144,9.960992,67,370476,34824744,0,0,0,0,34824744,0.69649488,13.794688,67
1444,node-949,relay,0,276525,25993350,0,0,0,0,25993350,0.519867,10.295632,67,307410,28896540,0,0,0,0,28896540,0.5779308000000001,11.443184,67
1445,node-95,BP,73894638,8927,839138,0,0,0,0,839138,0.01678276,0.332384,67,17076,1605144,0,0,0,0,1605144,0.03210288,0.636192,67
1446,node-950,relay,0,240759,22631346,0,0,0,0,22631346,0.45262692,8.96384,67,299636,28165784,0,0,0,0,28165784,0.56331568,11.15216,67
1447,node-951,relay,0,231545,21765230,0,0,0,0,21765230,0.4353046,8.62168,67,299650,28167100,0,0,0,0,28167100,0.563342,11.146144,67
1448,node-952,relay,0,241029,22656726,0,0,0,0,22656726,0.45313452,8.974368,67,299313,28135422,0,0,0,0,28135422,0.56270844,11.141632,67
1449,node-953,relay,0,258830,24330020,0,0,0,0,24330020,0.48660040000000004,9.63688,67,325877,30632438,0,0,0,0,30632438,0.61264876,12.126752,67
1450,node-954,relay,0,248949,23401206,0,0,0,0,23401206,0.46802412,9.267648,67,298818,28088892,0,0,0,0,28088892,0.56177784,11.087488,67
1451,node-955,relay,0,318886,29975284,0,0,0,0,29975284,0.5995056799999999,11.872576,67,333227,31323338,0,0,0,0,31323338,0.62646676,12.411008,67
1452,node-956,relay,0,256729,24132526,0,0,0,0,24132526,0.48265051999999997,9.563936,67,326834,30722396,0,0,0,0,30722396,0.61444792,12.16736,67
1453,node-957,relay,0,255596,24026024,0,0,0,0,24026024,0.48052047999999997,9.515808,67,279290,26253260,0,0,0,0,26253260,0.5250652,10.398656,67
1454,node-958,relay,0,284750,26766500,0,0,0,0,26766500,0.53533,10.600944,67,343118,32253092,0,0,0,0,32253092,0.64506184,12.777984,67
1455,node-959,relay,0,249233,23427902,0,0,0,0,23427902,0.46855804,9.281184,67,343243,32264842,0,0,0,0,32264842,0.64529684,12.771216,67
1456,node-96,relay,0,285203,26809082,0,0,0,0,26809082,0.53618164,10.618992,67,280787,26393978,0,0,0,0,26393978,0.52787956,10.455056,67
1457,node-960,relay,0,293536,27592384,0,0,0,0,27592384,0.55184768,10.929568,67,343126,32253844,0,0,0,0,32253844,0.64507688,12.771216,67
1458,node-961,relay,0,276053,25948982,0,0,0,0,25948982,0.51897964,10.27608,67,289911,27251634,0,0,0,0,27251634,0.5450326799999999,10.790448,67
1459,node-962,relay,0,275523,25899162,0,0,0,0,25899162,0.51798324,10.259536,67,362470,34072180,0,0,0,0,34072180,0.6814436,13.467568,67
1460,node-963,relay,0,258389,24288566,0,0,0,0,24288566,0.48577132,9.619584,67,344542,32386948,0,0,0,0,32386948,0.64773896,12.832128,67
1461,node-964,relay,0,320461,30123334,0,0,0,0,30123334,0.60246668,11.937248,67,353351,33214994,0,0,0,0,33214994,0.66429988,13.141952,67
1462,node-965,relay,0,275752,25920688,0,0,0,0,25920688,0.51841376,10.263296,67,370702,34845988,0,0,0,0,34845988,0.69691976,13.7992,67
1463,node-966,relay,0,285327,26820738,0,0,0,0,26820738,0.53641476,10.624256,67,361048,33938512,0,0,0,0,33938512,0.6787702400000001,13.443504,67
1464,node-967,relay,0,276405,25982070,0,0,0,0,25982070,0.5196414,10.290368,67,333438,31343172,0,0,0,0,31343172,0.6268634399999999,12.417024,67
1465,node-968,relay,0,302888,28471472,0,0,0,0,28471472,0.56942944,11.27624,67,299719,28173586,0,0,0,0,28173586,0.56347172,11.1672,67
1466,node-969,relay,0,267188,25115672,0,0,0,0,25115672,0.50231344,9.947456,67,361337,33965678,0,0,0,0,33965678,0.67931356,13.456288,67
1467,node-97,relay,0,231299,21742106,0,0,0,0,21742106,0.43484212,8.612656,67,317322,29828268,0,0,0,0,29828268,0.59656536,11.808656,67
1468,node-970,relay,0,249096,23415024,0,0,0,0,23415024,0.46830047999999996,9.274416,67,324474,30500556,0,0,0,0,30500556,0.61001112,12.075616,67
1469,node-971,relay,0,231543,21765042,0,0,0,0,21765042,0.43530084,8.620928,67,316119,29715186,0,0,0,0,29715186,0.59430372,11.77632,67
1470,node-972,relay,0,240350,22592900,0,0,0,0,22592900,0.451858,8.9488,67,280072,26326768,0,0,0,0,26326768,0.52653536,10.42272,67
1471,node-973,relay,0,221874,20856156,0,0,0,0,20856156,0.41712311999999996,8.255456,67,308932,29039608,0,0,0,0,29039608,0.58079216,11.501088,67
1472,node-974,relay,0,267137,25110878,0,0,0,0,25110878,0.50221756,9.948208,67,317331,29829114,0,0,0,0,29829114,0.59658228,11.823696,67
1473,node-975,relay,0,303285,28508790,0,0,0,0,28508790,0.5701758,11.292784,67,406347,38196618,0,0,0,0,38196618,0.76393236,15.13024,67
1474,node-976,relay,0,222461,20911334,0,0,0,0,20911334,0.41822668,8.284784,67,361181,33951014,0,0,0,0,33951014,0.67902028,13.442,67
1475,node-977,relay,0,240296,22587824,0,0,0,0,22587824,0.45175648,8.94504,67,361043,33938042,0,0,0,0,33938042,0.67876084,13.442752,67
1476,node-978,relay,0,266386,25040284,0,0,0,0,25040284,0.50080568,9.91512,67,272972,25659368,0,0,0,0,25659368,0.51318736,10.171552,67
1477,node-979,relay,0,338687,31836578,0,0,0,0,31836578,0.63673156,12.610288,67,343341,32274054,0,0,0,0,32274054,0.64548108,12.784,67
1478,node-98,BP,76601989,8948,841112,0,0,0,0,841112,0.01682224,0.333136,67,17315,1627610,0,0,0,0,1627610,0.0325522,0.644464,67
1479,node-980,relay,0,275866,25931404,0,0,0,0,25931404,0.51862808,10.271568,67,308550,29003700,0,0,0,0,29003700,0.580074,11.491312,67
1480,node-981,relay,0,347237,32640278,0,0,0,0,32640278,0.65280556,12.931392,67,342863,32229122,0,0,0,0,32229122,0.64458244,12.770464,67
1481,node-982,relay,0,248995,23405530,0,0,0,0,23405530,0.4681106,9.271408,67,298459,28055146,0,0,0,0,28055146,0.5611029200000001,11.108544,67
1482,node-983,relay,0,302513,28436222,0,0,0,0,28436222,0.56872444,11.2612,67,316609,29761246,0,0,0,0,29761246,0.59522492,11.784592,67
1483,node-984,relay,0,249244,23428936,0,0,0,0,23428936,0.46857872,9.278928,67,298687,28076578,0,0,0,0,28076578,0.56153156,11.119072,67
1484,node-985,relay,0,249839,23484866,0,0,0,0,23484866,0.46969732000000003,9.302992,67,294520,27684880,0,0,0,0,27684880,0.5536976,10.965664,67
1485,node-986,relay,0,294507,27683658,0,0,0,0,27683658,0.55367316,10.965664,67,294071,27642674,0,0,0,0,27642674,0.55285348,10.949872,67
1486,node-987,relay,0,276277,25970038,0,0,0,0,25970038,0.51940076,10.286608,67,321372,30208968,0,0,0,0,30208968,0.6041793599999999,11.958304,67
1487,node-988,relay,0,249956,23495864,0,0,0,0,23495864,0.46991728,9.306752,67,312445,29369830,0,0,0,0,29369830,0.5873966,11.63344,67
1488,node-989,relay,0,294572,27689768,0,0,0,0,27689768,0.5537953600000001,10.96792,67,312370,29362780,0,0,0,0,29362780,0.5872556,11.631184,67
1489,node-99,BP,75578906,8948,841112,0,0,0,0,841112,0.01682224,0.333136,67,17129,1610126,0,0,0,0,1610126,0.03220252,0.6392,67
1490,node-990,relay,0,267810,25174140,0,0,0,0,25174140,0.5034828,9.97152,67,303518,28530692,0,0,0,0,28530692,0.5706138399999999,11.301056,67
1491,node-991,relay,0,311546,29285324,0,0,0,0,29285324,0.58570648,11.600352,67,347812,32694328,0,0,0,0,32694328,0.65388656,12.950192,67
1492,node-992,relay,0,222993,20961342,0,0,0,0,20961342,0.41922684,8.303584,67,303441,28523454,0,0,0,0,28523454,0.5704690800000001,11.2988,67
1493,node-993,relay,0,267571,25151674,0,0,0,0,25151674,0.50303348,9.962496,67,348153,32726382,0,0,0,0,32726382,0.65452764,12.962976,67
1494,node-994,relay,0,249750,23476500,0,0,0,0,23476500,0.46953,9.299232,67,338825,31849550,0,0,0,0,31849550,0.636991,12.615552,67
1495,node-995,relay,0,213440,20063360,0,0,0,0,20063360,0.4012672,7.946384,67,267810,25174140,0,0,0,0,25174140,0.5034828,9.967008,67
1496,node-996,BP,72249040,8947,841018,0,0,0,0,841018,0.01682036,0.333136,67,16923,1590762,0,0,0,0,1590762,0.03181524,0.630928,67
1497,node-997,BP,72241085,8947,841018,0,0,0,0,841018,0.01682036,0.333136,67,17011,1599034,0,0,0,0,1599034,0.031980680000000004,0.63544,67
1498,node-998,BP,71924990,8947,841018,0,0,0,0,841018,0.01682036,0.333136,67,16383,1540002,0,0,0,0,1540002,0.03080004,0.606112,67
1499,node-999,BP,71296189,8948,841112,0,0,0,0,841112,0.01682224,0.333136,67,17343,1630242,0,0,0,0,1630242,0.032604839999999996,0.645216,67
